:020000040800F2
:10000000A0080020B9010008BF4F0008EB48000815
:10001000BD4F0008F52700088D63000800000000B0
:100020000000000000000000000000003959000836
:10003000F727000800000000C14F00083B590008E6
:10004000D3010008D3010008D3010008D301000840
:10005000D3010008D3010008D3010008D301000830
:10006000D3010008D3010008D3010008D301000820
:10007000D3010008D3010008D3010008D301000810
:10008000D3010008D3010008D3010008D301000800
:10009000D3010008D3010008D3010008D3010008F0
:1000A000D3010008D3010008D3010008D3010008E0
:1000B000415F0008D3010008D3010008D301000804
:1000C000D3010008D3010008D3010008D3010008C0
:1000D000D301000881630008D3010008D3010008A0
:1000E000D3010008D3010008D301000800F002F892
:1000F00000F053F80AA090E8000C82448344AAF16F
:100100000107DA4501D100F048F8AFF2090EBAE86C
:100110000F0013F0010F18BFFB1A43F0010318473B
:10012000F4A2000014A30000103A24BF78C878C1DC
:10013000FAD8520724BF30C830C144BF04680C60ED
:10014000704700000023002400250026103A28BF35
:1001500078C1FBD8520728BF30C148BF0B60704739
:10016000662907F01F86642900F0AA80732900F031
:100170008A85002070471FB501F04AF8040000206E
:10018000002106F0A7FD401C60600020002106F061
:100190008BFDE0601FBD10B510BD01F0FFFA1146E8
:1001A000FFF7E9FF06F02EFC01F050FD03B4FFF766
:1001B000F2FF03BC01F0A8FD094880470948004749
:1001C000FEE7FEE7FEE7FEE7FEE7FEE7FEE7FEE707
:1001D000FEE7FEE704480549054A064B7047000064
:1001E000B7590008ED000008A0020020A008002078
:1001F000A0040020A00400200FB41CB5074B06AAE1
:100200007B4469460090059800F013FD0020694684
:1002100000F022FD1CBC5DF814FB0000550A000034
:1002200070B5044685690068C10601D5302600E036
:100230002026C00707D070BDD4E901213046904781
:10024000206A401C20626D1EF6D570BD70B5044654
:1002500085690078C00707D170BDD4E9012120204D
:100260009047206A401C20626D1EF6D570BD70B5A7
:100270000C460546012A05D02878800600D5EA6993
:10028000002302E0012305E05B1C934202D2E05C04
:100290000028F9D1A869E618C01AA861286A18448C
:1002A00028622846FFF7BCFF04E0D5E9012114F8D5
:1002B000010B9047B442F8D32846FFF7C7FF70BD43
:1002C0002DE9F0410646002410687529314616A52F
:1002D00010D0AFF30080002802DA404213A507E0F7
:1002E00031688A0701D512A502E0490704D511A596
:1002F000012401E0AFF3008000210A2206F1240767
:1003000009E0B0FBF2FCB0FBF2F302FB1C00303062
:1003100078541846491C0028F3D123462A46304613
:10032000BDE8F04100F017BA000000002D00000009
:100330002B000000200000002DE9F0474FF0000ADC
:1003400089460446C0F820A02046E1688847002876
:1003500076D0252806D0D4E901219047206A401C98
:100360002062F1E7E168204600258847C4F81CA018
:1003700006460027C4F818A02A2E09D0304606F0F9
:1003800026F938B304EB8708303EC8F8186019E046
:1003900059F8041B204604EB87029161E168884705
:1003A000012F064618D1E069002820DA25F0200543
:1003B0001DE0D8F8180000EB800006EB4000303854
:1003C000C8F818002046E1688847064606F0FFF89E
:1003D0000028EED1012F0AD02E2E08D12046E16848
:1003E00088477F1C0646022F45F02005C4DBA06924
:1003F000002803DA404245F00105A061E80701D07A
:1004000025F01005B6B1A6F14100192802D8203612
:1004100045F400654A463146204625604D46FFF7C3
:100420009FFE58B1012806D0ED1D25F0070000F110
:10043000080989E704E005F1040985E730468AE701
:10044000206ABDE8F08700000FB400B58DB010A998
:10045000099000910B904FF0FF300A9000200C9013
:10046000064878440690064878446A4607900F99F3
:1004700009A800F09DFE0DB05DF814FB6B0D0000A7
:10048000830D00002DE9FF5F1D464FF0FF3B9146B5
:100490004FF000085F46D5E90146A96901987F1C25
:1004A0008847296A824688470028F6D1BAF1FF3F7B
:1004B0000CD0002E24F4C06419DD600614D5BAF106
:1004C0002B0F09D0BAF12D0F0ED103E0584604B01E
:1004D000BDE8F09F44F48064A96901987F1C8847B7
:1004E000761E8246002E02DDBAF1300F03D0B9F13C
:1004F000000F26D032E0A969761E01987F1C44F4D3
:1005000000748847002E824605DDBAF1780F06D0C8
:10051000BAF1580F03D0B9F1000F10D01EE0B9F1B5
:10052000000F02D0B9F1100F18D1A969761E0198F9
:100530007F1C24F4007488478246102002E00820C3
:1005400000E00A20814609E0A96908FB0908761E37
:1005500001987F1C44F4007488478246002E05DD14
:100560004946504600F093FB0028EDDAE96901980E
:100570008847A00502D46FF00100A8E7E00725D165
:10058000600613D5600502D5C8F1000000E04046C2
:1005900029680A1D2A600968220501D5087015E03E
:1005A000220701D5088011E008600FE02868011DCE
:1005B00029600068210502D580F8008006E0210747
:1005C00002D5A0F8008001E0C0F8008038467EE740
:1005D00040EA0103024630B59B0710D14FF00134C9
:1005E00000E008C208C91D1B9D4315EAC41FF8D0CE
:1005F00013F0FF0102F8011B0DD01B0AF8E711F8F8
:10060000013B002B02F8013B05D011F8013B002B08
:1006100002F8013BF3D130BD10B5431C02E010F8E5
:10062000011B71B18107FAD14FF0013202C88C1A57
:100630008C4314EAC211F9D0C01A0A0603D0C01EB6
:1006400010BDC01A10BD0A0401D0801E10BD0902E1
:10065000FCD0401E10BD40EA010370B59B072ED1AF
:100660004FF00136042A2AD308C810C99D1B9D43A8
:10067000121F15EAC61517D0D8B2E1B2401A50EAD7
:10068000056110D198B2A1B2401A50EA05410AD1D1
:1006900023F07F4024F07F41401A50EA052102D127
:1006A000180EA0EB146070BDA342DBD018BA21BABB
:1006B000884201D9012070BD4FF0FF3070BD0AB9EA
:1006C000002070BD10F8013B11F8014B63B1A3424B
:1006D0000AD1521E08D010F8013B11F8014B1BB192
:1006E000A34201D1521EEDD1181B70BD4FF0000284
:1006F00000B5134694469646203922BFA0E80C5018
:10070000A0E80C50B1F12001BFF4F7AF090728BFF2
:10071000A0E80C5048BF0CC05DF804EB890028BF6E
:1007200040F8042B08BF704748BF20F8022B11F097
:10073000804F18BF00F8012B704770477047704713
:1007400010B500F069FD006810BD10B5044600F05A
:1007500063FD046010BD2DE9F0470D4699469246B1
:10076000044600F124080168880604D5E06921F0F8
:100770001001216000E00120A84201DD471B00E0DC
:100780000027A1697A1902EB0900081AA0612078F4
:10079000C00602D42046FFF743FD002608E0D4E956
:1007A00001211AF806009047206A401C761C20623E
:1007B0004E45F4DB2078C0060AD52046FFF730FD11
:1007C00006E0D4E9012130209047206A401C2062D5
:1007D000381EA7F10107F4DC07E0D4E9012118F87D
:1007E00005009047206A401C2062281EA5F10105E3
:1007F000F3DC2046FFF72AFD2078000602D5022010
:10080000BDE8F0870120FBE770472DE9FF4F0C465C
:100810001E464FF0FF378BB0D2E90001DDF8608053
:100820000A908A46C1F30A5505B93D46002108469B
:100830004FF00000BAF1000F00F4400005DA00EBC1
:1008400080004FF4400101EA50004FEA9059B9F19D
:10085000010F00DDB9460A9850EA4A000ED044F66E
:100860001050A5F2FF3545432F14B8F1000F1ED0EC
:100870007542291E1EDDC9F100021CE0B8F1010F0E
:100880004FF0000001D0302103E0F24305E0215495
:10089000401CB042FBDB30460022002121540B9962
:1008A000C1F80880C1E900200FB0BDE8F08FBD1B82
:1008B0006D1CDEE74A4600DA694206A800F0F8FE41
:1008C00006AB93E8070003AB83E8070050460A999C
:1008D00001F021FA8DE80700A0F500501F380090C4
:1008E0000398002D0ADD42F21F014A460844002306
:1008F00003A90390684601F0CDFC09E0A0F5005083
:100900004A461F38002303A90390684601F0ECFC17
:100910008DE807000004000C03D04FF0FF304108C1
:1009200000E01046B8F1000F03D0002200921546F7
:100930001EE0751E05D400F073FC303262556D1E4A
:10094000F9D5B3460122084302D000227F1C04E0FF
:100950002078302801D100227F1E002A099784D0F8
:100960001DE0112D07DA00F05BFC303262556D1C82
:1009700050EA0102F5D1084302D00098C8B10EE058
:100980000021681E05E0235C625C63542254401E13
:10099000491C8142F7DBAB46A81B401E0990002092
:1009A00004F80B000B98099AC0F80880C0E9002BE6
:1009B0007AE711264FF0000857E72DE9F04F8846F7
:1009C0000446D21D22F0070191B0D1E90001CDE922
:1009D0000A0105F0F1FC02460B98C00F01D02D2052
:1009E00007E02068810701D52B2002E0202101EAE1
:1009F000C000032A099001D0072A05DB03464146BF
:100A0000204600F05BFC0BE12078800601D5E06910
:100A100000E00620B8F1650F814606D0B8F1660FF8
:100A200018D0B8F1670F70D131E00020B9F1110F83
:100A3000009001DB112301E009F101030AAA01A9D9
:100A40000CA8FFF7E2FEDDE90C70002609F10105B4
:100A5000834647E001204B4600904FF000470AAA2A
:100A600001A90CA8FFF7D1FEDDE90DB00C995D4698
:100A7000002610B909F101000D18B9EB050003D4E7
:100A8000C0F1FF3609F10105A5EB09002BE0B9F132
:100A9000010F01DA4FF001090020B9F1110F0090A8
:100AA000484601DD112300E003460AAA01A90CA86B
:100AB000FFF7ABFEDDE90C704D460026834620783B
:100AC00000070AD4AB4500DA5D4601A8012D04DD1C
:100AD000411911F8011C302907D04F4502DA17F1EE
:100AE000040F04DA012082460FE06D1EEEE7002FAE
:100AF00002DCED1B3E4403E0781CA84200DD7D1CB7
:100B0000B81B00F1010A4FF000472078000703D41A
:100B1000AA4501DB4FF0FF3A0021B7F1004F0DF17C
:100B200043088DF8431024D002202B23002F01DA34
:100B30007F422D230A21021EA0F1010000DC5FB1DB
:100B400097FBF1FC97FBF1F201FB1C7C17460CF1C3
:100B5000300C08F801CDEEE7A8F101000370218800
:100B6000090501D5452100E06521A0F1010800F843
:100B7000011C09980FA9A1EB0807FF1D00B1012076
:100B8000411901EBEA70A1693844081A401EA061BE
:100B90002078C00602D42046FFF742FB099828B10E
:100BA000D4E901219047206A401C20622078C006C9
:100BB00022D52046FFF734FB1EE0002E04DBB345B0
:100BC00002DD01A8805D00E03020D4E901219047DA
:100BD000206A401C2062761CAAF101005FEA000A2C
:100BE0000AD100F015FBC0680168405CD4E901211E
:100BF0009047206A401C2062281EA5F10105DCDC1C
:100C000007E0D4E9012118F8010B9047206A401C45
:100C10002062381EA7F10107F3DC2046FFF716FB20
:100C2000032011B041E6000001694A1C0261087806
:100C3000704700B58FB0CDE901310021059105491C
:100C40007944CDE9031011466846FFF775FB0FB0F4
:100C500000BD0000E5FFFFFF0A6802F8010B0A6013
:100C6000704710B5436913B1AFF3008001E0FFF79F
:100C7000FEFA012010BD127800F124010A70002252
:100C80004A700122EDE711684FF0FF32E9E73A2898
:100C900000D2303820F02002412A01D3A2F13700DF
:100CA000884201D34FF0FF30704700002DE9FF4F1D
:100CB00006468BB00878FF2806D0491C2D2805D0A1
:100CC00000244FF0000908E000200CE00124F8E7C0
:100CD00009EB8903491C00EB43090878FF28F7D189
:100CE00014B1C9F100008146107800252C46AA46AF
:100CF00029462D2801D02B2804D1521C2D2813D091
:100D0000002082468B461078FF280FD04FF0000C51
:100D10000A21521CA5FB017804FB018105FB0C1183
:100D2000C5194BEB0104EEE70120EAE70021084674
:100D30004FF00000BAF1000F02D000EB8000400835
:100D4000C0F38157012F01DD4FF0FF370E9955EAAF
:100D5000040009EB01080BD04FF0020918F5FA7FE7
:100D600016DA4FEACA70002F706008DD012007E034
:100D70004FEACA70C6E900B00FB0BDE8F08F00209E
:100D8000306000F049FAC0F800901821084616E0DB
:100D9000B8F5FA7F18DD002F02DAF748784401E051
:100DA000F6487844D0E90010C6E9001040EACA705D
:100DB000706000F031FAC0F80090142108460FB0BE
:100DC000BDE8F04F06F0EBBF002108464FF00000F1
:100DD000B8F10001099002DAC7F1000200E03A46DA
:100DE00001DAC8F1000106A800F062FC06AB93E846
:100DF000070003AB83E8070044F23E005BEA04010E
:100E00000090584604D144F21E012C465D460091E4
:100E1000210C0904014306D10099240444EA154435
:100E20002D041039009104F07F41014306D100994F
:100E3000240244EA15642D020839009104F070413F
:100E4000014306D10099240144EA15742D01091FBC
:100E5000009104F04041014306D10099A40044EA06
:100E60009574AD00891E009104F00041084304D13F
:100E700000986D196441401E00904FF001033A46FE
:100E80006846B8F1000FCDE9014503A902DD01F084
:100E900040FA01E001F013FABAF1000F04460D46E2
:100EA00001D084F00044002108464FF00000099969
:100EB00040F2FF77484010F00C0F07D124F00040BB
:100EC000284303D0C4F30A50B84212D100F0A4F969
:100ED000C0F80090C4F30A50B8420AD1A848784438
:100EE000D0E90010C6E9001004F00041084370602A
:100EF00042E7C6E900543FE72DE9FF4F1F464FF098
:100F0000000A4FF0FF38454691B0D7E90146CDF8C9
:100F10003CA000F07DF9C0680168405C1090B969A0
:100F200012986D1C8847396A814688470028F6D197
:100F3000B9F1FF3F0AD0002E24F4D06411DDB9F1DD
:100F40002B0F08D0B9F12D0F0BD102E0404615B0A0
:100F500013E744F48064B96912986D1C8847761EC3
:100F60008146600504A901D52D2000E02B20002E2C
:100F700001F1010B0DF130088DF810003FDDB9F1E2
:100F8000690F08D0B9F1490F05D0B9F16E0F02D041
:100F9000B9F14E0F1CD13B4601A8009580E85002E4
:100FA000DDE912126FF0020006F062FFC11CCED123
:100FB0000EE0B96912986D1C884781461398761E19
:100FC00044F4007405600F98401C002E0F9016DD4D
:100FD000B9F1300FEDD0B9F1780F02D0B9F1580F57
:100FE0000DD10F9801280AD13B46CDE90054DDE927
:100FF0001212001F029606F039FFC11CA7D11099EA
:1010000089453ED144F0800406E01399681CAAF19A
:10101000010A44F400740860B9696D1C1298761EC8
:10102000884730288146F0D02BE01099894505D1BA
:10103000200603D4761E44F0800418E0484605F0EC
:10104000C6FA08B3761E0DF123018B4544F40074F3
:1010500008D2A9F130000BF8010B200607D5AAF140
:10106000010003E0200602D40AF101008246A00537
:1010700002D51399681C0860B96912986D1C8847DD
:101080008146002ED1DC53E0002E51DDB9F1650F11
:1010900002D0B9F1450F4BD1A00549D5B9696D1CF6
:1010A0001298761E24F440748847002E81460CDD89
:1010B0002B2804D0B9F12D0F07D144F48074B969FD
:1010C00012986D1C8847761E8146E00501D52D21BA
:1010D00000E02B2108F8011BCDF8008021E0761EEE
:1010E0000DF13901884544F400740CD2A9F13000A7
:1010F00010F0FF0088F8000002D10099884509D956
:1011000008F1010806E0E00501D51E4801E042F2C1
:101110000F708246B96912986D1C884781461398F2
:101120000560002E04DD484605F051FA0028D6D1AE
:10113000F96912988847FF2053468BF8000088F819
:10114000000000200A900B9004AA0CA90AA8FFF73F
:10115000ADFDA00502D46FF00100F8E614F0240FF5
:1011600012D0E0071CD13868DDE90A12031D3B608C
:101170000068C0E9001213E09C9600008E96000003
:1011800052950000F1D8FFFF0AA9684605F0AEF9B4
:10119000E00705D13868009A011D396000680260D7
:1011A0002846D4E602681144137801601846704757
:1011B000D1600549794451610449794411620021A3
:1011C0001161114600F0BAB8EDFFFFFFED0000001D
:1011D000426842B1016811F8013B23B1521EC0E9D7
:1011E0000012184670470121C160881E704742688E
:1011F0005AB1C368016843B983688B4205D0491E60
:10120000521CC0E90012002070474FF0FF307047B9
:10121000004870475C020020004870473C020020F4
:1012200030B5B0F10A024FEA900E71F100034EEAB8
:10123000817EB0EB0E0061EB91014FEA101E4EEA89
:10124000017E10EB0E0041EB11114FEA102E4EEA19
:10125000016E10EB0E0041EB11214FEA104E4EEAE9
:10126000014E10EB0E0041EB1141401841F100011D
:101270004FEAD00040EA41704FEAD10110EB8005FF
:101280004FEA810444EA907444EB01046D1944EB85
:101290000404521BA3414FF0000348BF0A3200D59B
:1012A00030BD401C41F1000130BD10B5044600F0D6
:1012B0009BFA0068005D00F0010010BD2DE9F041CF
:1012C0001F46044603260168072A01F4006004DB78
:1012D00008B116A505E016A503E008B115A500E0C4
:1012E00015A521F010002060A069C01EA0610FB1FB
:1012F000401EA0612046FEF793FF4FB1D4E90121C3
:1013000038469047206A401C2062C01C206206E0DC
:10131000206AFAE7D4E9012115F8010B9047761EFF
:10132000F8D22046FEF792FFBDE8F0814E414E0014
:101330006E616E00494E4600696E66002DE9F34FFE
:101340004FF0000A0C4656468DB001200C9001F17A
:101350000C000B9062690B9801219047051E2DD05F
:10136000252D2CD0216A8847C0B162690B980121D4
:101370009047216A88470028F7D16269411E0B987F
:10138000904700E0761CA1690D988847216A88473C
:101390000028F7D1E1690D988847DBE7A1690D982E
:1013A0008847A842074601D1761CD3E7E1690D982A
:1013B00088477F1C02D1BAF1000F6FD06BE16269E0
:1013C0000B9800273D46394690472A2804D1626988
:1013D0000B98012190470125DFF8D08262690B98B4
:1013E00001219047A0F130010A290AD24745E5DCE6
:1013F00007EB870100EB4107303FDFD445F01005D4
:10140000ECE7E90601D46FF000476C280AD04C28BD
:1014100014D0682815D06A280DD074281CD07A28DA
:101420001AD01DE062690B98012190476C2802D008
:1014300045F0040514E045F002050DE045F02005F7
:101440000AE062690B9801219047682802D045F0B4
:10145000080505E045F4006562690B980121904795
:10146000C4E9015765283DD019DC58287AD00CDC36
:10147000452837D004DC252826D041289ED131E0EC
:1014800046282FD0472899D12CE05B2877D06128B7
:1014900028D063287CD0642823D15AE0F6E06F2856
:1014A00048D008DC66281DD067281BD0692821D0C9
:1014B0006E2816D127E0702845D0732868D075288B
:1014C00047D078280DD14DE0A1690D98884725288F
:1014D00005463FF469AFE1690D9888476D1C3FF4FC
:1014E0006AAFD8E00D9923466A466FF0010006F016
:1014F000BBFCC5E045F0400023464FF000026060B1
:10150000A80736D43EE0E8077FF447AF2068011D06
:1015100021600068290501D506701BE7290701D560
:10152000068017E7A90703D5F117C0E9006111E7A5
:1015300006600FE745F0400023464FF00802606068
:10154000A80716D41EE040F60E0125EA01006060EF
:1015500016E045F0400023464FF00A026060A807FD
:1015600007D40FE045F040006060A80708D5234687
:1015700010220D996FF00100AFF3008080E007E0CA
:10158000102223460D996FF00100FEF77BFF77E0F4
:101590004FF0000963284F46C8464B46CB4602D061
:1015A0005B2806D038E0E80601D40120A0600127BE
:1015B00032E06269D4F80CB00B98012190475E28A4
:1015C00007D14FF0010949466269D4F80CB00B9875
:1015D0009047216939B900210A4603AB43F821201D
:1015E000491C0829FADBD8B3216949B308F101087D
:1015F00062690B98012190475D28F4D1B9F1000F81
:1016000009D0002003A951F82020D24341F820201E
:10161000401C0828F7DB03AB2069002820794FEA3B
:1016200040701ED05B462246CDF80080CDE9019780
:101630000D9900286FF0010020DAAFF300801FE061
:10164000C11703AA00EBD1614B1121F01F0102EB7E
:101650008302411A13680120884003431360C7E7DF
:1016600019E00D99224600286FF00100009702DA78
:10167000AFF3008004E0AFF3008001E0AFF300803F
:1016800000280ADA401C06D10C9820B14FF0FF3038
:101690000FB0BDE8F08F5046FAE7E90701D10AF133
:1016A000010A064400200C9054E60000CCCCCC0C7F
:1016B0002DE9F047814616468AB0354878440DC872
:1016C0008DE80D0032487844801C03AC0DC884E8D6
:1016D0000D0041F69B300844372190FBF1F290FB5E
:1016E000F1F5A5F1800501FB12041B3C02D5644213
:1016F000012000E00020DFF898A080460027FA448F
:10170000AAF1BE0A0EE0E0070AD03246684607EBAF
:10171000470101230AEB810100F0E6FD8DE8070097
:1017200064107F1C002CEED1194F7F44AE3F19E0AE
:10173000E80715D007EB04100DF1180A90E80E0029
:101740008AE80E00C068F04201D19819089032462C
:10175000012306A903A800F0C7FD03AB83E8070037
:101760006D10641C002DE3D14FF001033246694631
:10177000B8F1000F03A802D000F08CFD01E000F0EA
:10178000B3FDC9E90001C9F808200AB0BDE8F08737
:101790002C8B0000004870473C0200207546FFF784
:1017A000F9FFAE4605006946534620F0070085461E
:1017B00018B020B5FEF70EFDBDE820404FF0000642
:1017C0004FF000074FF000084FF0000B21F0070129
:1017D000AC46ACE8C009ACE8C009ACE8C009ACE86C
:1017E000C0098D467047000010B5FFF711FD001DC0
:1017F00010BD00BFE15400002DE9FF4F1F464FF020
:101800003C0987B04FF00042DDE9141001F10108F6
:10181000DDF858A002EA405003900020059083466E
:10182000054604460490B969461E08988847AAF1FF
:10183000010A0290BAF1000F3BDD02982E2815D064
:101840001021FFF724FA00282EDB4FF0010B059939
:10185000014317D0B9F1000F0BDB4A46C11700F066
:101860003FFA05430C43A9F1040905E00120049067
:101870000BE008B145F0010501200590049820B95E
:10188000361D02E0049800B1361FB969089808F1C6
:1018900001088847BBF1000FAAF1010A0290C9D0E4
:1018A0000999C1F80080C5E70298702808D050282F
:1018B00006D0F96908988847BBF1000F14D04FE0B3
:1018C000002002900120BBF1000F049009D0B969FB
:1018D000089808F101088847AAF10109B9F1000F39
:1018E00007DCF969089888476FF001000BB0BDE884
:1018F000F08F2B2804D02D280CD14FF0FF3004900E
:10190000B969089808F101088847A9F10109B9F1F6
:10191000000FE6DD411CE4D00A21FFF7B8F90028EA
:10192000DFDB029908F1010801EB810100EB4100C6
:101930000290B969089888470A21FFF7A8F9099A1F
:10194000A9F10109B9F1000FC2F8008001DD0028FA
:10195000E7DAF969089888470499029800FB01665C
:1019600055EA040004D004F04041090002D006E02A
:10197000039898E0A40044EA9574AD00B61E04F004
:101980000041080002D16D196441761E159810F0CF
:10199000240F03D04FF00B095C4803E04FF02809F7
:1019A0006FF07D008246564507DAAAEB06018944AE
:1019B000B9F1410F01DD4FF0410901200021A9F1EA
:1019C000010200F08DF9024628400B4621400843F1
:1019D00001D0012100E00021501E029143F1FF31AE
:1019E00028402140084301D0012000E00020029956
:1019F000834651EA0B014FD0002108464FF000000A
:101A0000039900F4400039B100EB80004FF440012D
:101A100000EBD07001EA60008015012802DD4FF074
:101A2000FF3000E013D0401C36D0029860B3BBF109
:101A3000000F0CD14A460120002100F051F9284046
:101A40002140084301D0012000E00020E0B1012046
:101A50004A46002100F044F9034640190A46614114
:101A60002D1A8C4111D3B9F1400F09DD159810F0F2
:101A7000240F02D0AAF1340603E0AAF1170600E011
:101A8000761C00254FF0004406E05B1E42F1FF3259
:101A900020EA030521EA0204CAF10100B04206DA95
:101AA0001B49039808430190002000900EE0039A20
:101AB000C4F3D321E80A0A43164940EA44500A43D2
:101AC0003146CDE90002684604F076FD159810F025
:101AD000240F0BD01598C00715D13868DDE9001226
:101AE000031D3B600068C0E900120CE002A86946D3
:101AF00004F0FCFC1598C00705D13868029A011D56
:101B00003960006802604046F0E6000002FCFFFF1A
:101B10000000F07F0000F03F2DE9FF4F92461D4688
:101B200085B04FF00041DDE9124BDDE914727F1EF4
:101B300001EA4B50414940F0FF4940EA01080021C9
:101B400022F020004928049102D04E2828D04CE0F1
:101B50003BA0012607C88DE80700A9690698641C08
:101B600088477F1E014606D41DF8060018B121F0F3
:101B7000200181420BD0E96906988847032E34D0B2
:101B8000082E32D06FF0010009B0BDE8F08F761C4E
:101B9000032E01D0082EE0D1601CCAF80000DCE75B
:101BA000A9690698641C88477F1E2AD420F020006B
:101BB000412826D1A9690698641C88477F1E20D435
:101BC00020F020004E281CD1A9690698641C884783
:101BD0007F1E48F4002849F48009CAF8004001D467
:101BE000282806D0E969069888475FEACB7012D0AA
:101BF00022E0A9690698641C88477F1E01D400284A
:101C000003DAE96906988847BCE72928F1D1641C02
:101C1000CAF80040E9E71BF0240F07D028680499B0
:101C2000031D2B600068C0E9001805E02868021D4C
:101C30002A600068C0F800902046A5E70000F07F09
:101C4000494E46494E4954590000000010B504461B
:101C5000AFF300802046BDE81040FEF7A7BA0000B1
:101C60004FF0013C50F8042B51F8043B9A4221D12B
:101C7000A2EB0C03934313EACC1317D150F8042BB7
:101C800051F8043B9A4215D1A2EB0C03934313EA9B
:101C9000CC130BD150F8042B51F8043B9A4209D1D4
:101CA000A2EB0C03934313EACC13DBD04FF00000FC
:101CB000704700BFD01A01BAB1FA81F101F01801E2
:101CC00022FA01F0CB40C1F12001DBB2C0B2C01A50
:101CD0002CFA01F3D11A914311EAC311E6D17047EE
:101CE000B2F120030AD5C2F1200301FA02F120FA71
:101CF00003F300FA02F041EA0301704700FA03F12E
:101D00004FF000007047000001491820ABBEFEE70D
:101D10002600020070475FEA400C08BF91F0000FF8
:101D20004FEA8C234FEAC12243EA51514FEA1C503B
:101D300018BF00F5F0404FEA300018BF41F00041F5
:101D40005FEA6C5C00F02980BCF1FF3F08BF40F007
:101D500080407047130C06BF12044FF0100C4FF078
:101D6000000C130E04BF12020CF1080C130F04BF79
:101D700012010CF1040C930F04BF92000CF1020C41
:101D8000D30F04BF52000CF1010C11464FF00002BA
:101D9000A0F11F00A0EB0C00704711F0004F08BF2E
:101DA000704731F000413FF4D5AF0B0C06BF09047A
:101DB0004FF0100C4FF0000C0B0E04BF09020CF199
:101DC000080C0B0F04BF09010CF1040C8B0F04BFAE
:101DD00089000CF1020CCB0F04BF49000CF1010C7F
:101DE000CCF12003A0EB0C0022FA03F302FA0CF270
:101DF00041EA030100F10100704720F07F4C80EAC6
:101E0000030023F07F47ACEB070303F57C5300F09E
:101E1000004003F1FF032DE980494FEA154B09B457
:101E20004FEA144325EA0B4E24EA03480FF2042636
:101E300006EB132749083E785FEA320203FB066788
:101E4000C7F5000707FB06F64FEA54374FEAD646B8
:101E500006F1020607FB066CCCF1005C4FEA1C475A
:101E60002CEA074C07FB06F40CFB06F504EB1546C1
:101E70004FEA961634BF00204FF000404FEAD137AA
:101E800006FB07FC4FEA1C4C0CFB0BF7D21B03FBB9
:101E90000CF761EB07010CFB0EF7B0EB074072EBA0
:101EA00017420CFB08F734BFA2EB0742B2EB074224
:101EB00061EB17414FEA0C444FEA910706FB07FC20
:101EC0004FEA1C4C0CFB0BF7B0EBC74072EB5732E0
:101ED00003FB0CF734BFA2EBC742B2EBC74261EB86
:101EE00057310CFB0EF7B0EBC70072EB57720CFBCF
:101EF00008F734BFA2EBC702B2EBC70261EB577120
:101F0000039F4FEA816141EA921104EBCC044FEA4E
:101F1000D1374FEA826206FB07FC42EA90124FEA91
:101F200080604FEA1C4C0CFB0BF7D21B03FB0CF739
:101F300061EB07010CFB0EF7B0EB074072EB1742A9
:101F40000CFB08F734BFA2EB0742B2EB074261EB90
:101F500017414FEA8C554FEA910704EB9C2406FB8E
:101F600007FC4FEA1C4C0CFB0BF7B0EBC74072EBC5
:101F7000573203FB0CF734BFA2EBC742B2EBC742A8
:101F800061EB57310CFB0EF7B0EBC70072EB5772E9
:101F90000CFB08F734BFA2EBC702B2EBC70261EB40
:101FA000577115EB4C254FEA816141EA92114FEAD6
:101FB00082624FEAD13742EA901206FB07FC44F1F5
:101FC00000044FEA80604FEA1C4C0CFB0BF7D21B5D
:101FD00003FB0CF761EB07010CFB0EF7B0EB0740BE
:101FE00072EB17420CFB08F734BFA2EB0742B2EBCF
:101FF000074261EB174115EB1C154FEA813141EAAD
:1020000092414FEA823242EA90424FEA80304FEAF0
:102010000C7644F1000448EA03434EEA0B484FF0C3
:10202000000EB2EB080C71EB030724BF6246394681
:102030004EEB0E0E4FF0000B0018524149414BEB96
:102040000B0BB2EB080C71EB03077BF1000B24BF09
:10205000624639464EEB0E0E4FF0000B001852410F
:1020600049414BEB0B0BB2EB080C71EB03077BF117
:10207000000B24BF624639464EEB0E0E51EA0207B2
:1020800018BF46F0010616EB0E7655F1000254F12A
:10209000000103D5BDE88901BDE80088BDE88901DC
:1020A000BDE80048B619524141EB0101A3F101031B
:1020B000704780807F7E7D7C7B7A797877767675B5
:1020C0007473727171706F6E6E6D6C6C6B6A6A692D
:1020D0006868676666656464636362616160605FC7
:1020E0005F5E5E5D5D5C5C5B5B5A5A595958585740
:1020F00057565655555554545353525252515150A8
:1021000050504F4F4F4E4E4D4D4D4C4C4C4B4B4BFA
:102110004A4A4A4949494848484747474746464640
:10212000454545444444444343434342424242417B
:102130004141000046EA0646A3F570534FEA1646B1
:1021400046EA42564FEAD22242EA415210B54FEADD
:10215000D121A3F1010300F02FF820F0004000F19D
:10216000020C00F0004701EB00501146BCF5006F77
:1021700040EA070000D210BDBAF1000F0AD01CB52A
:1021800003B44FF004004FF004014FF000000FBC07
:10219000BDE810404FF00001BBF1010FB9BF04488A
:1021A0004FF0FF310348002140EA070010BD00BF97
:1021B000FFFFEF7F0000F07F002B9C4630D47700BC
:1021C0002BD01CB54FEA370703B44FF010004FF087
:1021D0001001BAF1000F06D0BCF1000FDCBF40F0D7
:1021E000080040F008014FF000000FBCBDE81040AF
:1021F0000BF1010BBBF1010F08BF5FEA170722BF0C
:1022000012F1010211F101014FF0004143F100030D
:1022100000F0004043EA00007047F9D35708D0E7C8
:1022200046EA064613F1400F4FEA16461FDD13F14A
:10223000200FDFBF16430A46002120335B42BED089
:10224000C3F1200746EA064602FA07F74FEA1646A8
:1022500046EA0706C3F1200722FA03F201FA07F75C
:1022600021FA03F14FF0000342EA0702A7E746EA2A
:10227000020646EA06464FEA164646EA0106BCBF93
:1022800046EA0646360C4FF000034FF000024FF0CE
:10229000000194E72DE9804C9A46934670B491E88A
:1022A000380007C831EA400C48BF34EA430C03D574
:1022B000FFF7A3FDFFF780FFF0BCBDE8008C2DE920
:1022C000804C9A46934670B491E8380007C831EACA
:1022D000400C48BF34EA430C03D5FFF78EFDFFF7EF
:1022E00029FFF0BCBDE8008C2DE9804C9A4693464E
:1022F00070B491E8380007C810F0804F08BF13F0A1
:10230000804F03D100F01AF8FFF756FFF0BCBDE88C
:10231000008C2DE9804C9A46934670B491E83800C1
:1023200007C810F0804F08BF13F0804F03D100F0B2
:1023300005F8FFF7FFFEF0BCBDE8008C20F07F47FA
:1023400080EA030023F07F4C07EB0C03A3F57C53DA
:1023500000F00040A3F1FE0392F0000F00F0B38004
:1023600095F0000F00F077802DE901494FEA114008
:102370004FEA144621EA004800FB06FC24EA06471F
:1023800008FB06F607FB08F800FB07F718EB064802
:102390004CEB164C4FEA124B18EB07484FEA154628
:1023A0004CEB174022EA0B4E0BFB06FC25EA0647D6
:1023B0000EFB06F607FB0EFE0BFB07F71EEB064EA9
:1023C0004CEB164C4FF000061EEB074E4CEB174B38
:1023D00018EB0B0840F1000018EB0E0B58EB00084F
:1023E00040F100008F1A4FF000013CBFC943661B4B
:1023F00014BFB5EB040C00213CBFC943F61B4FEAE8
:1024000017444EEA8E0E27EA04454FEA1C4704FBA8
:1024100007622CEA074C05FB07F70CFB05F604FBEB
:102420000CFC16EB074642EB174216EB0C4642EB50
:102430001C421BEB060658EB0202414146EA9E068F
:1024400001D5BDE80189B619524141EB0101A3F163
:102450000103BDE801894FEA14454FEA114724EA18
:10246000054621EA074C05FB07F406FB07F70CFBC2
:1024700006F105FB0CFC11EB074144EB17444FEA56
:10248000124711EB0C4144EB1C4422EA074C05FBBC
:1024900007F206FB07F70CFB06F605FB0CFC16EB38
:1024A000074642EB174216EB0C4642EB1C456A18F6
:1024B00054F1000148BF7047B619524141EB010188
:1024C000A3F10103704795F0000F37D04FEA114296
:1024D0004FEA144721EA024624EA074C02FB07F1BF
:1024E00006FB07F70CFB06F402FB0CFC14EB07449D
:1024F00041EB17414FEA154714EB0C4441EB1C41EB
:1025000025EA074C02FB07F506FB07F70CFB06F66E
:1025100002FB0CFC16EB074645EB174516EB0C4689
:1025200045EB1C42121951F1000148BF7047B61922
:10253000524141EB0101A3F1010370474FEA1445F9
:102540004FEA114724EA054621EA074C05FB07F14B
:1025500006FB07F70CFB06F24FF0000605FB0CFC30
:1025600012EB074241EB174112EB0C4251EB1C41BD
:1025700048BF7047921841EB0101A3F10103704776
:1025800070B5044600688168C943C90717D18168DE
:1025900021F00101816000F0FBFC05460AE000BF6C
:1025A00000F0F6FC401B022804D920688068C04374
:1025B000C00706D020688068C043C007F0D0002064
:1025C00070BDA06A40F01000A062E06A40F0010017
:1025D000E062012070BD0000F8B5002604460096B8
:1025E00000688168C943C9072DD0816841F00101A5
:1025F0008160164816490068B0FBF1F000E0401E0B
:1026000000900028FBD100F0C3FC054616E000BF97
:1026100000F0BEFC401B022810D920688068C0432F
:10262000C0070BD0A06A40F01000A062E06A40F042
:102630000100E06284F824600120F8BD2068806811
:10264000C043C007E4D10020F8BD000038000020DE
:1026500040420F00052000F033B800002DE9F04F94
:10266000154C8346BBB0206A05F04AF881468A467D
:10267000E06905F045F807468846A06905F040F88E
:1026800005460E46606905F03BF8CDE9000102AB56
:10269000224683E8E007094908A8FDF7ADFD08A830
:1026A000FDF7BAFF82B24FF0FF3308A9584602F097
:1026B000CBF83BB0BDE8F08F6C00002004A200080E
:1026C00010B5072811D200EBC001084800EB8104C7
:1026D00021460748FDF77CFF054861694161A16912
:1026E0008161E169C161216A016210BD4C7F00080E
:1026F0006C0000202DE9F0410C4601461E461546AF
:102700000448069FFDF764FF0248143080E8F0009B
:10271000BDE8F0816C0000200A4910B50022C1E933
:1027200000028A60CA600A6102F01CFB05F07CF9B5
:10273000054905F07FF802F0CDFCBDE8104002F03D
:1027400017BD00004800002000007A4470B5244CFA
:10275000206802F007FB05F067F9224D294605F0D5
:1027600069F86060206802F005FB05F045F929462C
:1027700005F060F81C49A060884201DD022005E0F8
:102780001A49884201D9012000E000202075206804
:1027900002F002FB294605F04DF81549E06005F00E
:1027A00049F8216904F0D8FF2061606802F0D2FC8A
:1027B0004FF07E552946A06802F09AFCA06802F00E
:1027C00013FC2946A06802F0DFFC02F051FC05F082
:1027D000F3F8607502F0C6FC05F0EEF8A07570BD68
:1027E0004800002000007A440AD7233C0AD723BCC3
:1027F00000006145FEE77047F8B50024009490F8AA
:1028000024202546012A12D0012280F824204A687B
:102810001F23072A0DD20668776B521E02EB820235
:1028200093409F430B6893401F43776319E0022056
:10283000F8BD06680D2A0AD2376BD21F02EB82025E
:1028400093409F430B6893401F43376309E0F76A47
:102850000D3A02EB820293409F430B6893401F4363
:10286000F7620A68072306680A2A0AD3F7680A3A51
:1028700002EB420293409F438B6893401F43F760F3
:1028800008E0376902EB420293409F438B68934014
:102890001F4337610A68102A01D0112A20D1124B38
:1028A00002689A4217D193681B0219D4936843F4C3
:1028B000000393600968102912D10C490C4A096879
:1028C000B1FBF2F101EB8101490000E0491E0091EA
:1028D0000029FBD104E0816A41F0200181620124DA
:1028E00080F824502046F8BD002401403800002024
:1028F00040420F000068C06C704700002DE9F041B5
:102900004FF0000704003D467ED0A06A002628B99B
:10291000E66284F82460204600F07EF82046FFF747
:102920002FFEA16AC90600D420B1A06A40F01000B1
:10293000A06269E0A16A21F4885141F00201A1621C
:102940006268E169237B0A4347EA43010A43A168BD
:102950004FF48077B94209D0012907D05FF0000118
:1029600094F814C0BCF1010F02D00AE03946F7E731
:10297000F3B1A36A43F02003A362E36A43F00103C7
:10298000E3622368D3F804C02CF4694C4CEA010CD0
:10299000C3F804C021688B68DFF870C003EA0C0339
:1029A00013438B60A168B9420BD0012909D00CE018
:1029B000DFF85CC0A3690CEB43330B4343F40061C5
:1029C000DFE7218A0D05A5F580152168CB6A23F480
:1029D00070032B43CB62216889680E4B19409142EA
:1029E00008D1E662A16A21F0020141F00101A16271
:1029F000BDE8F081A06A20F0020040F01000A06263
:102A0000E06A40F00100E0620120F1E7FDF7E1FF3C
:102A100000E0FFFFFE0E1FFF00B585B00021009112
:102A200001910291039100680E49884218D10E4825
:102A3000816941F400718161816901F4007104913F
:102A4000816941F0040181618069694600F00400F8
:102A500004900120009003200190044800F0A2F9A6
:102A600005B000BD002401400010024000080140F4
:102A70002DE9F84300270D460446009700F088FA38
:102A8000804620688168C90508D5A06A40F020000A
:102A9000A06284F824700120BDE8F8834168C9056C
:102AA00003D4C06A10F4700F2AD0022000F07CFE1C
:102AB0003B490968B1FBF0F62068036939490B42CC
:102AC0004FEA61014FEAA1121FD1C3684FEA611CAE
:102AD00013EA0C0F19D103690B4225D1C0681042CB
:102AE00022D1142023E0681C0AD02DB100F050FA46
:102AF000A0EB0800A84203D920680068800725D50C
:102B0000206800688007EED52DE003690B4202D1F2
:102B1000C168114206D0026923490A4206D1C06841
:102B2000084203D1542002E0292000E0FC20464363
:102B3000009816E0681C11D02DB100F029FAA0EB26
:102B40000800A8420AD90098B04207D2A06A40F013
:102B50000400A06284F8247003209DE70098401CC4
:102B60000090B042E6D321686FF012000860A06ABE
:102B700040F40070A06220688068C0F342400728DB
:102B80000CD1207B50B9A06A20F48070A062A06AAA
:102B9000C00403D4A06A40F00100A06200207BE7DB
:102BA00038000020244992244992240070B504463C
:102BB00090F8240001280DD0012084F8240020463C
:102BC000FFF70AFD02004FF0000005D084F8240052
:102BD000104670BD022070BDA16A40F201239943E6
:102BE00041F48071A1621F4D23681F49AB4218D187
:102BF0000E6816F4702F14D0A66A46F48016A662EA
:102C00000E68760505D5A66A26F4005646F4805669
:102C1000A662A66AF6040AD5E66A26F00606E66209
:102C200006E0A66A26F48016A6625E68E9E7E0621E
:102C300084F824006FF00200186020688368C3F3F2
:102C40004243072B05D1A84208D1096811F4702F1F
:102C500004D0816841F480118160B9E7816841F452
:102C6000A001F9E7002801400424014010B5044602
:102C700090F82400012807D0012084F82400204681
:102C8000FFF77EFC10B107E0022010BDA16A21F41D
:102C9000885141F00101A162002184F8241010BD87
:102CA00010B590F821100022022905D0042181637B
:102CB00080F82020012010BD01680B6823F00E036E
:102CC0000B6001680B6823F001030B6090F8403043
:102CD000C46B012101FA03F3636080F8211080F8CE
:102CE0002020104610BD000010B590F821100024DF
:102CF000022903D00421816301243DE001680A68B0
:102D000022F00E020A6001680A6822F001020A60DD
:102D10001A4A0168914201D1012121E0174A143277
:102D2000914201D110211BE0144A2832914201D175
:102D3000891515E0114A3C32914201D189140FE006
:102D40000E4A5032914202D14FF4803108E00B4AD2
:102D50006432914202D14FF4801101E04FF0807152
:102D6000064A083A5160012180F82110002180F8BC
:102D70002010416B01B18847204610BD0800024079
:102D800070B5044600F004F90546601C02D0044802
:102D90000078044400F0FCF8401BA042FAD370BD58
:102DA0002C0000202DE9F84FDFF8B8910024A9F19C
:102DB000040B23460F2709F1040AABF1040EC9E006
:102DC0000125A5402A40AA427DD1674ED1F804C012
:102DD000ACEB0608B44532D014DCBCF1030F3AD09A
:102DE00009DCBCF1000F2AD0BCF1010F1CD0BCF1F2
:102DF000020F31D11DE0BCF1110F17D0BCF1120F41
:102E00002AD119E0B8F5881F19D006DCB8F5803F43
:102E100015D0B8F5801F1FD111E0B8F5001F0ED0F6
:102E2000B8F5041F18D10AE0CB6815E0CB681B1D6C
:102E300012E0CB6808330FE0CB680C330CE08B68F2
:102E40002BB1012B4FF0080303D0456104E00423AC
:102E500002E0056100E00023FF2A01D8064601E0F8
:102E600000F104064FEA840501D9A5F12005D6F842
:102E7000008007FA05FC28EA0C0803FA05F548EA81
:102E80000508C6F800804D68ED0062D5374DAE6983
:102E900046F00106AE61AD6924F0030605F00105B8
:102EA0000095334D06EB050CDCF80850A607360FED
:102EB00007FA06F825EA0805DFF8B880404503D18F
:102EC0004FF0000817E044E0DFF8AC80404502D145
:102ED0004FF001080FE0DFF8A480404502D14FF029
:102EE000020808E0DFF89880404502D14FF003085F
:102EF00001E04FF0040808FA06F848EA0508CCF8A3
:102F000008804D68D9F80060ED024D4601D51643A2
:102F100000E096432E604D68DAF80060AD02554639
:102F200001D5164300E096432E604D68DBF8006043
:102F3000AD035D4601D5164300E096432E604D6813
:102F4000DEF80060ED03754601D5164300E09643B8
:102F50002E60641C0D682A46E5407FF431AFBDE861
:102F6000F88F00000804014000001110001002401A
:102F70000000014000080140000C01400010014029
:102F8000001401400AB1016170470904FBE7000029
:102F900001488068704700002C00002070B50400D4
:102FA00025D094F83D00002520B984F83C502046F7
:102FB00000F034FB242084F83D002068016821F0F3
:102FC000010101602068016841F40041016020684E
:102FD000016821F40041016000F044FD4D4A616840
:102FE000914201D84C4900E04C49884201D201206D
:102FF00070BD4B492368B0FBF1F15E6826F03F06D7
:103000000E435E606368934206D94FF4967359434A
:103010004FF47A73B1FBF3F12368491C1E6A26F062
:103020003F06314319626168914210D84900401E41
:10303000B0FBF1F2521CC2F30B02042A01D20420AD
:1030400022E0B0FBF1F0401CC0F30B001CE0A268D2
:10305000F2B301EBC10303EB0116431EB3FBF6F31E
:103060005B1C43F480431B0549D092B301EBC102C2
:1030700002EB0111401EB0FBF1F0401CC0F30B004D
:1030800040F4804040F400402168CA694CF6FF7368
:103090009A431043C861D4E90710014320680268CD
:1030A00022F0C00211430160D4E90301014320680A
:1030B000826848F2FF339A4311438160D4E90501E5
:1030C00008432168CA6822F0FF021043C86001E08B
:1030D0000EE016E02068016841F0010101602564FE
:1030E000202084F83D00256384F83E50002070BD08
:1030F00001EB4106431EB3FBF6F35B1CB3E7012073
:10310000C2E701EB4101401EB0FBF1F0401CC0F3EF
:103110000B00B7E7A086010080841E0000093D0077
:1031200040420F002DE9FF4F81B089460446FFF76A
:103130002FFF054694F83D004FF0000820287DD170
:103140001923012250492046009501F0E5FC002892
:1031500074D194F83C00012870D0012084F83C0020
:1031600020680168C90703D1016841F001010160CD
:103170002068016821F400610160242084F83D008A
:10318000002626644148E0624FF0011B202720689A
:10319000016841F480710160009500225946204683
:1031A000049B01F0B9FC50B120680068C00502D54D
:1031B0004FF400702064032005B0BDE8F08F216853
:1031C00009F0FE000861FFF7E3FE21680546486943
:1031D0004969C0F34000C1F380214FF0A00A0FE01D
:1031E000FFF7D6FE411B0498814200D808B984F845
:1031F0003DA0216848694969C0F34000C1F38021BE
:1032000094F83D20A02A02D008B90029E8D084F81B
:103210003D7020684169C943890716D4016841F4AB
:1032200000710160206841698069192301221649F3
:103230002046009501F070FCB8B900E021E084F868
:103240003D7084F83C600020B6E7016841F40071ED
:10325000016021686FF480604861192301220A49E6
:103260002046009501F058FC08B10120A4E703981E
:1032700008F1010880458AD384F83D7084F83C60E9
:10328000F3E7022098E70000020010000000FFFFB3
:103290002DE9FF4F83B00025DDE910799A4693466A
:1032A0000446DDF848800095FFF772FE064694F864
:1032B0003D0020287CD11923012288492046009610
:1032C00001F02AFC0028F5D194F83C0001286FD0C9
:1032D000012084F83C0020680168C90703D1016817
:1032E00041F0010101602068016821F40061016082
:1032F000222084F83D00402084F83E002564676267
:10330000A4F82A90608D20857548E062CDE900869A
:1033100053465A462046049901F000FB00287CD110
:10332000208DDFF8C091202768B1012814D0022831
:10333000206801681ED041F4806101602068416905
:1033400080690090BCE02068416981690091016852
:1033500041F400710160B3E02068016821F48061EC
:10336000016072B62068416981690091016841F489
:1033700000710AE041F40061016072B620684169A1
:1033800081690091016821F48061016062B697E073
:10339000032865D801280CD0022843464FF00002CC
:1033A0004946204600960BD001F0B6FBA8BB0CE0C6
:1033B00091E032464146204601F054FC68BB72E081
:1033C00001F0AAFB48BB72B633E02068016821F423
:1033D0008061016072B620680069616A0870606A85
:1033E000401C6062208D401E2085608D401E6085DF
:1033F0003D4846F2A8110068B0FBF1F0C0EBC000F8
:1034000000EB80000090401E009007D020684069CB
:10341000C04340070DD50098F5E727E044F8305F3A
:103420006773A573206940F02000206162B62573A0
:103430001CE02068016841F40071016020680069A7
:10344000616A0870606A401C6062218D491E218596
:10345000618D491E618562B621680969017026E0A7
:1034600032464146204601F0FDFB18B1012007B06D
:10347000BDE8F08F20680069616A0870606A401CCE
:103480006062208D401E81B22185608D401E608566
:1034900020684269D243520712D4032903D101683C
:1034A00021F48061016020680069616A0870606AC7
:1034B000401C6062208D401E2085608D401E60850E
:1034C000208D00287FF464AF84F83D7084F83E506E
:1034D00084F83C50CBE70220C9E70000020010004E
:1034E0000000FFFF04000100380000202DE9FF4F1D
:1034F00083B09A46DDE9119793460446DDF8408093
:10350000FFF746FD054694F83D0020287FD119239A
:10351000012240492046009501F0FEFA002876D1AC
:1035200094F83C00012872D0012084F83C00206807
:103530000168C90703D1016841F0010101602068F9
:10354000016821F400610160212084F83D004020E1
:1035500084F83E0000262664C4F82480A4F82A904B
:10356000608D20852C48E062CDE9007553465A46AF
:103570002046049901F050FA70B930E02A463946E5
:10358000204601F0A7FB58B1206C042804D1206824
:10359000016841F400710160012007B0BDE8F08FBF
:1035A000606A216800780861606A401C6062218D51
:1035B000491E89B22185628D521E62852268536937
:1035C000DB435B070BD469B100781061606A401C73
:1035D0006062208D401E2085608D401E6085208D9C
:1035E0000028CBD12A463946204601F069FA002846
:1035F000CAD154F83D0B016841F4007101602020EC
:1036000004F81E09E67766770020C6E7FFE7022088
:10361000C3E70000020010000000FFFF10B586B0F5
:103620000021009101910291039100680F498842A5
:103630001AD10F4CA06940F00800A061A06969464A
:1036400000F008000490C020009012200190032098
:1036500003900848FFF7A6FBE06940F40010E06122
:10366000E06900F40010049006B010BD0054004062
:1036700000100240000C01400248816802781144A9
:10368000816070472C000020074810B5016841F0A8
:1036900010010160032000F075F80F2000F006F81B
:1036A00000F024F8002010BD0020024070B50D4D40
:1036B00004464FF47A712878B1FBF0F00A490968A2
:1036C000B1FBF0F000F0DFFC48B9102C07D200226B
:1036D0002146501E00F036F800206C6070BD0120BD
:1036E00070BD00002C000020380000200C4808B5F8
:1036F000816941F001018161816901F0010100915D
:10370000C16941F08051C161C06900F080500090F2
:103710000448416821F0E06141F00071416008BD5A
:103720000010024000000140002809DB00F01F02E9
:10373000012191404009800000F1E020C0F8001113
:1037400070470000F0B40E4B1B680C46C3F3022315
:10375000C3F10705042D00D90425191D072901D23D
:10376000002300E0DB1E012606FA05F1491E214078
:1037700099409E40761E16403143F0BC02F030BEA8
:103780000CED00E0064900F0070208684FF6FF0361
:10379000184040EA0220034A1043086070470000C6
:1037A0000CED00E00000FA0510B501460020234CA6
:1037B000012922D0022939D010291DD1616822683F
:1037C000D20119D51E48C1F38342C903805C0AD5D2
:1037D00061681B4AC1F34041921E515C194AB2FB19
:1037E000F1F1484301E0184948436168490203D4B4
:1037F00040000321B0FBF1F010BD226AC2F30121A9
:10380000012903D1920701D5C80310BD022905D1B2
:10381000626A920702D549F6404010BD0329FCD1E7
:1038200021688903F9D54FF2244010BD00F02AF930
:103830006168C1F38131491C4900DBE70010024097
:1038400004A1000800127A0000093D002DE9F843A8
:1038500005460078354CC00754D0E0690026C0000A
:1038600008D4E06940F08050E061E069012600F092
:10387000805000902E480168C90512D40168804626
:1038800041F480710160FFF783FB074605E000BF4C
:10389000FFF77EFBC01B642823D8D8F80000C005C2
:1038A000F6D5206A10F4407021D0A98801F4407147
:1038B00081421CD0206A1F49012220F440700A6016
:1038C00000220A602062C00711D0FFF761FB0746A3
:1038D00041F2883808E000BFFFF75AFBC11B4145A1
:1038E00002D90320BDE8F883206A8007F4D5206A56
:1038F000696820F44070084320621EB1E06920F03E
:103900008050E0612878800705D56068A96820F4B8
:103910004040084360602878C00605D56068E968C3
:1039200020F48000084360600020DBE700100240C4
:1039300000700040400442422DE9F0470F46050068
:1039400061D0434E306800F00700B84209D23068B9
:1039500020F0070038433060306800F00700B842BC
:1039600051D128683B4C810712D5400703D56068C8
:1039700040F4E06060602878000703D5606840F498
:10398000605060606068A96820F0F00008436060E3
:103990002878C00728D06868012810D0216802283C
:1039A00010D0890700292EDA616821F00301014354
:1039B0006160FFF7EDFA804641F288390DE0216839
:1039C0008903EFE78901EDE7FFF7E2FAA0EB0801D1
:1039D000494502D90320BDE8F0876068696800F0B6
:1039E0000C00B0EB810FEFD1306800F00700B84257
:1039F0000BD9306820F0070038433060306800F0A1
:103A00000700B84201D00120E5E72878400705D536
:103A10006068E96820F4E060084360602878000787
:103A200006D56068296920F4605040EAC1006060F2
:103A300000F038F86168084AC1F30311515CC840CE
:103A40000649086006480068FFF730FE0020C2E71C
:103A5000002002400010024014A10008380000209D
:103A6000300000200448054900684968044AC1F351
:103A70000221515CC840704738000020001002400D
:103A800024A100080448054900684968044AC1F3B4
:103A9000C221515CC840704738000020001002402D
:103AA00024A100080E4A51680E4801F00C03042BB3
:103AB00011D0082B0FD10C48C1F38343C903C05C5C
:103AC0000AD55168084AC1F34041921E515C054A2B
:103AD0005043B0FBF1F07047044948437047000081
:103AE0000010024000127A00F2A0000800093D0018
:103AF0002DE9F84F040070D02078C04DC00749D0A0
:103B00006868C0F38100012807D06868C0F38100AD
:103B1000022809D16868C00306D52868800339D512
:103B200060680028E7D035E06068B0F5803F0BD0D2
:103B300010B1B0F5A02F11D0286820F48030286093
:103B4000286820F4802002E0286840F48030286053
:103B5000606890B1FFF71CFA06460AE0286840F456
:103B600080202860F0E700BFFFF712FA801B64286E
:103B700073D828688003F7D50CE0FFF709FA0646EA
:103B800005E000BFFFF704FA801B6428F0D828681E
:103B90008003F7D420789A4E80074FF001094FF048
:103BA000000839D5686810F00C0F07D06868C0F3BA
:103BB0008100022809D16868C00306D428688007FC
:103BC00014D52069012808D110E02069B0B1C6F8E9
:103BD0000090FFF7DDF9074605E00AE1FFF7D8F9A5
:103BE000C01B0228C4D828688007F7D528686169F7
:103BF00020F0F80040EAC10028600DE0C6F800801F
:103C0000FFF7C6F9074604E0FFF7C2F9C01B022818
:103C100023D828688007F7D4207800072CD5794866
:103C2000A169D9B1C0F80090FFF7B2F9074604E0E6
:103C3000FFF7AEF9C01B02280FD8686A8007F7D5D6
:103C400071484FF4FA510068B0FBF1F0009000BFEA
:103C50000098411E0091FAD20EE080E0C0F800808A
:103C6000FFF796F9074604E0FFF792F9C01B022818
:103C700075D8686A8007F7D42078400760D5E8696E
:103C80000027C00008D4E86940F08050E861E86986
:103C9000012700F0805000905C480168C90513D4EA
:103CA0000168834641F480710160FFF771F9824633
:103CB00006E000BFFFF76CF9A0EB0A0064284ED8BD
:103CC000DBF80000C005F5D5E06801280AD008B18E
:103CD000052813D0286A20F001002862286A20F005
:103CE000040002E0286A40F001002862E06841F226
:103CF000883B98B1FFF74CF982460BE0286A40F008
:103D000004002862EEE700BFFFF742F9A0EB0A01CA
:103D100059455AD8286A8007F6D50CE0FFF738F9DC
:103D2000824605E0FFF734F9A0EB0A0159454CD86B
:103D3000286A8007F6D41FB1E86920F08050E86156
:103D4000E06988B36968C1F38101022944D002287F
:103D5000C6F8608004D0FFF71BF9044638E034E071
:103D6000FFF716F9074604E0FFF712F9C01B022817
:103D70002BD828688001F7D4206AB0F5803F05D1A0
:103D80006868A16820F4003008436860D4E908013D
:103D90000843696821F4741108436860C6F86090AC
:103DA000FFF7F6F8044606E025E000BFFFF7F0F85D
:103DB000001B022809D828688001F7D51BE000BF46
:103DC000FFF7E6F8001B022802D90320BDE8F88FB0
:103DD00028688001F4D40EE00128F7D06868226AD0
:103DE00000F48031914204D1616A00F4701088427D
:103DF00001D00120EAE70020E8E7000000100240BF
:103E0000000042428004424238000020007000401E
:103E100070B5040009D0606A002540B12561656174
:103E2000A56294F8510040B10CE0012070BD6068BB
:103E3000B0F5827FF4D0E561F2E784F85050204677
:103E400000F040F8022084F851002068016821F059
:103E500040010160A088218900F4827001F40441CE
:103E60000843A18901F400610843217C01F00201AB
:103E70000843217D01F001010843218B01F4007109
:103E80000843217F01F03801084394F8201001F025
:103E900080010843218D01F4005108432168086026
:103EA000A069042101EA1040216848602068C169C6
:103EB00021F40061C1616565012084F85100002092
:103EC00070BD000000B585B0002100910191029104
:103ED000039100680F4988421AD10F48816941F463
:103EE00080518161816901F480510491816941F0BF
:103EF000040181618069694600F004000490A020FB
:103F0000009002200190032003900448FEF74AFF2E
:103F100005B000BD00300140001002400008014023
:103F20002DE9F84F984616468A460446FFF730F8C2
:103F3000814694F8510001281ED1BAF1000F73D0C8
:103F4000002E71D094F85000012815D0012784F874
:103F50005070032084F8510000256565C4F830A036
:103F6000A686E686A563A587E58765642564A068BF
:103F7000B0F5004F03D00CE00220BDE8F88F2068B8
:103F8000016821F0400101602068016841F480412E
:103F9000016020680168490603D4016841F04001CE
:103FA0000160E068B0F5006F606803D048B3012E8F
:103FB00027D047E008B1012E1FD1206B216800886F
:103FC000C86006E020688168890709D5216B0988E7
:103FD000C160206B801C2063E08E401EE0860CE0F8
:103FE000FEF7D6FFA0EB0901414503D3B8F1FF3F2F
:103FF00003D035E0B8F1000F32D0E08E0028E1D1D7
:1040000023E0206B21680078087306E0206881684F
:1040100089070AD5216B09780173206B401C206346
:10402000E08E401EE0860DE02BE0FEF7B1FFA0EB36
:104030000901414503D3B8F1FF3F03D010E0B8F1C7
:10404000000F0DD0E08E0028E0D14A4641462046C0
:1040500001F0DCF808B120206065A06830B109E00B
:1040600084F8517084F85050032086E72068C168B6
:104070008068009084F8517004F8505F60680028F0
:10408000F3D0012079E710B5401EB0F1807F01D355
:10409000012010BD4FF0E02460610F21601702F095
:1040A0009FF90020A06107202061002010BD70470B
:1040B0007047000070B590F83C20012A26D00124FA
:1040C00080F83C40022280F83D2003685A689D68D1
:1040D00022F070060A6832435A600D4B02689A4219
:1040E00008D0B2F1804F05D00A4B9A4202D00A4B59
:1040F0009A4204D1496825F080031943916080F801
:104100003D40002180F83C10084670BD022070BD83
:10411000002C0140000400400008004010B50400DD
:1041200003D094F83D0010B107E0012010BD00203D
:1041300084F83C00204600F01FF8022084F83D007F
:10414000211D206801F002FF012084F8460084F858
:104150003E0084F83F0084F8400084F8410084F871
:10416000420084F8430084F8440084F8450084F851
:104170003D00002010BD000008B50068B0F1804F80
:1041800012D10A48C16941F00101C161C069002230
:1041900000F00100009011461C20FFF7D3FABDE8A3
:1041A00008401C20FFF7C0BA08BD00000010024004
:1041B00070B5044690F83C000025012817D0012670
:1041C00084F83C60022084F83D002068826822F078
:1041D000770222F47F4282600868502838D00DDCD4
:1041E00020284FD005DC90B3102811D14AE00220DE
:1041F00070BD302846D040280AD13BE060282FD03F
:1042000070280DD0B0F5805F03D0B0F5005F12D0FC
:10421000012584F83D60002084F83C00284670BDEC
:10422000CB68D1E90121206801F0CCFE20688168CB
:1042300041F0770109E0CB68D1E90121206801F064
:10424000C1FE2068816841F480418160E1E719E0A6
:10425000CA684968206801F0C7FE5021206806E05E
:10426000CA684968206801F0D0FE6021206801F02A
:10427000B3FECEE7CA684968206801F0B5FE402168
:104280002068F4E7226801461046F0E770472DE900
:10429000F04104460068C66805694FF00007A907A9
:1042A00013D5B10711D5F91E0161012020772068CF
:1042B00080698007204602D0FFF7E8FF04E000F0A5
:1042C0007EF8204600F07CF82777680716D570073F
:1042D00014D521686FF0040008610220207720685F
:1042E000806910F4407F204602D0FFF7CFFF04E042
:1042F00000F065F8204600F063F82777280715D509
:10430000300713D521686FF008000861042020777A
:104310002068C0698007204602D0FFF7B7FF04E09D
:1043200000F04DF8204600F04BF82777E80616D548
:10433000F00614D521686FF010000861082020777E
:104340002068C06910F4407F204602D0FFF79EFF2E
:1043500004E000F034F8204600F032F82777E80750
:1043600008D0F00706D021686FF0010008612046F0
:1043700000F027F8280608D5300606D521686FF02A
:10438000800008612046FFF792FE680608D5700697
:1043900006D521686FF040000861204600F012F851
:1043A000A8060AD5B00608D521686FF0200008617C
:1043B0002046BDE8F041FFF77BBEBDE8F0817047C5
:1043C000704770477047704770470000F8B5016844
:1043D00004460868CA684B6910F00F0F4FF00005DB
:1043E00059D003F0010602F49077374365D0C10736
:1043F00005D0D10503D5616C41F00101616441072D
:1044000005D5D90703D0616C41F0020161648107D1
:1044100005D5D90703D0616C41F00401616401073F
:1044200007D502F02001314303D0616C41F008014F
:104430006164616C00293AD0800604D5900602D5EB
:10444000204601F08CFE20684069616CC0F380104A
:10445000090700D460B3204601F05AFE2068406985
:10446000400621D52068143050E8001F21F040019B
:1044700040E80012002AF5D1E06BA8B16D49416314
:10448000E06BFEF731FC002811D0E06B416B01B00E
:10449000BDE8F040084783060FD593060DD52046AA
:1044A000BDE8F84001F05BBE2046FFF78DFFF8BD88
:1044B0002046FFF789FF6564F8BD266B2023012E97
:1044C0007CD1C6067AD5D60678D5086848680090AB
:1044D00048694FF00206400640D5E16B0868406825
:1044E0000004000CE8D0A28D8242E5D9E0858869FD
:1044F00020282DD020680C3050E8001F21F4807156
:1045000040E80012002AF5D12068143050E8001F5E
:1045100021F0010140E80012002AF5D12068143092
:1045200050E8001F21F0400140E80012002AF5D1B8
:1045300084F84230256320680C3050E8001F21F0D9
:10454000100140E80012002AF5D1E06BFEF7A8FB4D
:104550006663A08DE18D401A81B22AE0A08DE18DC5
:10456000401A81B2E08D0028A6D00029A4D022688C
:104570000C3252E8000F20F4907042E80007002F40
:10458000F5D12068143050E8002F22F0010240E8F5
:104590000027002FF5D184F84230256320680C30C5
:1045A00050E8002F22F0100240E80023002BF5D144
:1045B00066632046FFF707FFF8BDFFE705062BD52A
:1045C000150629D594F841002128F5D1A068B0F549
:1045D000805F01D12069B0B1206A411C216221684D
:1045E00000784860E08C401E0004000CE084E3D1B9
:1045F0002068C16821F08001C1602068C16841F075
:104600004001C160D8E7206A0088C0F30800486014
:10461000206A801C2062E5E74006CDD55006CBD548
:10462000CA68204622F04002CA6084F8413000F097
:104630005BF9C1E70161000870B5040004D094F88B
:104640004100002510B106E0012070BD84F8405003
:10465000204600F023F8242084F841002068C16837
:1046600021F40051C160204601F0DAFD20680169A3
:1046700021F4904101612068416921F02A014161E2
:104680002068C16841F40051C1606564202084F84D
:10469000410084F842006563002070BD30B585B0EC
:1046A0000024009401940294039400681C498842F9
:1046B00034D11C48816941F480418161816901F4F0
:1046C00080410491816941F0040181618069164D46
:1046D00000F0040004904FF400700090022001905C
:1046E0000320039069462846FEF75CFB2815CDE9B8
:1046F0000004694628460294FEF754FB0022114646
:104700002520FFF71FF82520FFF70EF8002211469D
:104710002520FFF717F82520FFF706F805B030BD74
:1047200000380140001002400008014090F842307B
:10473000202B01D00220704721B11AB1002303635E
:1047400001F0CABD012070477CB500682B49884242
:1047500052D12B4C2B4E0025A1780A2908D00D29C7
:1047600006D02078312804D23154401C207000E05B
:10477000257020780928355405D3082222A1214824
:10478000FBF769FFB0B12078072805D3042221A1E7
:104790001C48FBF760FFD8B12078142800D9257099
:1047A00002B01749BDE8704016480122891C4838FC
:1047B000FFF7BCBF13486A4618A108300095FBF705
:1047C00043FE00980728EAD8C0B2FDF779FFE6E774
:1047D00001AA13A1301D0195FBF736FE114801997E
:1047E000114A08449042DAD210480090104B114A06
:1047F00011A0FDF77FFFD2E77CBD0000003801402B
:104800001C000020080200205345545F50494E3AD6
:10481000000000004341503A000000002564000001
:1048200025660000323333C232337B04000040403F
:1048300066668640CDCC6C4050696E5F54755F43B0
:1048400068696E68000000002DE9F843044690F89E
:104850004100984616460D46202802D00220BDE8A9
:10486000F88385B17EB100206064212084F8410086
:10487000FEF78EFBA6848146E684A0682027B0F56B
:10488000805F02D003E00120E9E7206910B12E46E5
:1048900000250EE000260CE08021204601F037FDC7
:1048A000A8B9C6B116F8010B21684860E08C401E1B
:1048B000E084E08C4B464FF00002CDF800800028E9
:1048C000EAD14FF04001204601F021FD40B184F8CB
:1048D00041700320C3E735F8020BC0F30800E3E79B
:1048E00084F841700020BAE77047FEE701684A6922
:1048F000D24352050FD46FF480624A61002140F820
:10490000301F202242738173026942F00402026167
:104910000173012070470020704700002DE9F84F17
:104920000446006889460B9D01689846174641F485
:10493000806101602068016841F480710160009528
:104940004FF0011B0022594620460A9B00F0E4F874
:104950004FF4007A40B120680068C00501D5C4F862
:1049600040A00320BDE8F88F216809F0FE0008612F
:104970002B46284920460A9A00F016F9F0BB206819
:104980004169806900902A4620460A9900F0A2F900
:1049900040B1206C04283AD12068016841F40071CC
:1049A000016034E0FEB2B8F1010F09D02168380A85
:1049B00008612A4620460A9900F08CF90028E8D1BF
:1049C000206806612A4620460A9900F083F90028EB
:1049D000DFD12068016841F48071016000950022F8
:1049E000594620460A9B00F097F80028B3D1216869
:1049F00009F0FF0040F00100086100E007E02B46ED
:104A0000044920460A9A00F0CFF80028AAD00120D5
:104A1000A8E70000020001002DE9F8430446006801
:104A20000D46DDE9089701689846164641F4807105
:104A300001604B4600224FF001112046009700F024
:104A40006BF848B120680068C00502D54FF40070CB
:104A500020640320BDE8F883216805F0FE000861AA
:104A60003B464A461549204600F09EF888B9206822
:104A70004169806900903A464946204600F02AF98B
:104A800048B1206C042804D12068016841F4007109
:104A900001600120DEE7F5B2B8F1010F09D021680D
:104AA000300A08613A464946204600F013F90028CA
:104AB000E7D1206805610020CCE70000020001007A
:104AC00070B516460D4604461EE02046FFF70EFF61
:104AD00008B1012070BD681C16D0FEF759FA801B82
:104AE000A84200D885B920684069C04340070BD56B
:104AF000002044F8300F20216173A073216941F038
:104B0000200121612073E4E720684069C043400729
:104B1000DBD4002070BD00002DE9F0479846174611
:104B20000D460446C1F30746DDF820902AE000BF99
:104B3000B8F1FF3F26D0FEF72BFAA0EB0901414563
:104B400002D8B8F1000F1DD12068012E16D080695F
:104B500025EA00000004000C12D00020B84211D158
:104B6000002044F8300F20216173A073216941F0C7
:104B70002001216120730120BDE8F0874069E7E74B
:104B80000120EBE72068012E0AD0806925EA0000A9
:104B90000004000C06D00020B842C9D00020EBE78A
:104BA0004069F3E70120F7E72DE9F04798461646FC
:104BB0000D4604464FF000094FF0200AC1F30747A5
:104BC00023E020684069C043400515D4206801688F
:104BD00041F40071016021686FF480604861C4F89D
:104BE000309084F83DA084F83E90216C41F004019F
:104BF000216484F83C9021E0701C06D0FEF7C8F9CF
:104C0000A0EB0800B04203D816B1012F1FD021E05D
:104C10002068012F15D0806925EA00000004000CEF
:104C200018D000BF44F8309F84F80DA084F80E908F
:104C3000216941F02001216184F80C900120BDE838
:104C4000F087406925EA00000004000CEAD12068E2
:104C5000406901E02068806925EA00000004000C3A
:104C6000AFD1ECE72DE9F041002590460E46044611
:104C7000202728E04069C043C0060CD454F8301BFC
:104C80006FF01000486144F810596777A577206AE3
:104C90002062257714E0FEF77BF9A0EB0800B04214
:104CA00000D886B920684069C04340060BD544F857
:104CB000305F6773A573206940F020002061257381
:104CC0000120BDE8F08120684169C9434906D1D47B
:104CD0000020F6E770B516460D4604461EE0204655
:104CE000FFF704FE08B1012070BD681C16D0FEF766
:104CF0004FF9801BA84200D885B920684069C0439D
:104D000000060BD5002044F8300F20216173A073FA
:104D1000216941F0200121612073E4E720684069A6
:104D2000C0430006DBD4002070BD000070B50160F8
:104D3000044602710A480D4600214180416051003D
:104D4000022303222846FEF7EDF908B1002070BDCA
:104D5000204600F032F8204600F03EF8012070BDF9
:104D60000000002010B5022100F02BF9C0088000DF
:104D700010BD000010B500F009F80349B1F90210A8
:104D800090FBF1F000B210BD0000002010B504212E
:104D900000F017F900B210BD10B500F00BF802F0EA
:104DA00043FE03494968BDE8104002F085BE00009B
:104DB00000000020032100F004B910B54FF40042B8
:104DC000002101F0E4FABDE810400120FDF7D8BF52
:104DD0000A46052101F0DBBA70B50A4A05464FF4D0
:104DE000805111800A2050804007506043F69F1484
:104DF0002846FFF7EDFF21462846BDE8704000F049
:104E000003B80000000000200A46002101F0BFBAEC
:104E10003EB5002411480094019402940E49846028
:104E2000016004730475012505614FF4602144603D
:104E3000C161FDF763FD08B172B6FEE7072000947B
:104E4000CDE9015069460548FDF7D6FC002801D0A0
:104E500072B6FEE73EBD0000002401409C00002029
:104E6000F0B585B00024274800940194029403947F
:104E7000816941F010018161816901F010010491A3
:104E8000816941F020018161816901F02001049173
:104E9000816941F004018161816901F0040104919B
:104EA000816941F0080181618069174E00F00800B6
:104EB0004FF400550490002229463046FEF762F870
:104EC000124F002202213846FEF75CF801221C2115
:104ED0003846FEF757F80220CDE90240009501253B
:104EE000694601953046FDF75DFF1E20CDE90005BE
:104EF0000320CDE9024069463846FDF753FF05B06F
:104F0000F0BD000000100240001001400008014008
:104F10000F4810B50D4901604FF4827141600021C6
:104F20008160C1604FF400720161C0E9051208227E
:104F3000C0E90721416281620A21C162FEF768FF70
:104F4000002801D072B6FEE710BD0000003001401D
:104F50002001002010B586B0002417480094019469
:104F60000294039404944FF080410594016041F64B
:104F70001F41C0E9011440F2E731C0E90314802168
:104F80008161FFF7CBF808B172B6FEE74FF48050AD
:104F9000009069460848FFF70BF908B172B6FEE7C2
:104FA000049404A904480594FFF784F8002801D06C
:104FB00072B6FEE706B010BD78010020FEE7FEE7FE
:104FC00070471FB50A464FF47A74022303A98DE88F
:104FD0001A000179006849000123FEF759F9BDF86C
:104FE0000C0004B040BA10BD70B51A4A1A491B4CE7
:104FF000904229DA1A4A904226D20868194D401C7C
:1050000008603C2822D9D4E9001002F021FD04D226
:105010002946606802F0A0FB08E0D4E9001002F025
:1050200017FE04D22946606802F044FE60602168E1
:1050300060680D4602F03EFE0B49884206D20B49DD
:10504000884203DA656001E0002008606068A060C3
:1050500070BD00000AD7A33C0800002060000020BB
:105060000AD7A3BCCDCCCC3DCDCC4CBECDCC4C3E98
:1050700001488068704700006000002070B5054658
:105080001048854201DB104870BD1048854216DD8E
:105090000F4E0024284656F8341002F0D9FC0AD8E6
:1050A00006EBC4008168284602F0D2FD03D806EB67
:1050B000C400406870BD641CE4B2142CEAD3002024
:1050C00070BD0000666686400000C842333353401E
:1050D000A47E000810B5054C002121606160A1602C
:1050E000FFF7CCFF20606060A06010BD6000002072
:1050F00070B5064612480D464069B0F5000F00DA5B
:105100001048114902F0D8FC04462946304602F006
:10511000D3FC214602F08EFB0C4D294602F0CCFC5C
:105120000B4C0146606802F0C5FD6060A84201DDDD
:10513000656070BD10F1FF4FFBD30020606070BD53
:105140006C000020CDCC0C40000061450000C8423E
:105150006000002010B5FFF791FF0149086010BD05
:105160006000002001488068704700009000002027
:1051700003480021016041600249816070470000DE
:10518000900000200000C84270B5184A5569B5F576
:10519000000F00DA164D174A174C904201DC2068C8
:1051A00009E002F089FC154902F044FB0146206841
:1051B00002F0D2FA2060294602F03CFB1049606000
:1051C00002F038FB0F4902F077FC0F4D01462846EC
:1051D00002F070FDA060A84201DDA56070BD10F175
:1051E000FF4FFBD30020A06070BD00006C000020CA
:1051F000CDCC0C400AD7233C900000200000614534
:105200000000FA430000A0410000C842F8B515466E
:105210000E460B46009204460122022100F010F8CF
:1052200040B93346002280212046009500F008F85E
:10523000002804D0606D40F0200060650320F8BDB8
:105240002DE9F8431E46914688460446089DFDF721
:105250009FFE401B351AFDF79BFE07462548006858
:10526000C0F3CB30684338E0701C37D0FDF790FEB8
:10527000C01BA84203D215B1009860B32CE020688F
:10528000416821F0E00141606068B0F5827F0BD198
:10529000A068B0F5004F02D0B0F5806F04D120684F
:1052A000016821F040010160A06AB0F5005F09D1FA
:1052B0002068016821F4005101602068016841F410
:1052C00000510160012084F85100002084F8500052
:1052D0000320BDE8F8830025401E00902068816807
:1052E00038EA010004D000214945BDD10020F0E793
:1052F0000121F9E7380000202DE9F84FDFF874A00C
:1053000090460D4606461F46002208215046DDF80D
:105310002890FDF737FE4FF4A0718E4227D2F02D72
:1053200025D206EB0800884203D3C6F5A0701FFA09
:1053300080F8E819F02802D3C5F1F00087B2002404
:10534000B0440BE0281983B281B21FFA88F23046CC
:10535000CDF8009000F010F8641CE4B2BC42F1D922
:105360005046BDE8F84F01220821FDF70BBEBDE80D
:10537000F88F0000000801402DE9F05F0C4606465A
:10538000181B1546002800DCE01AA91B002900DCC8
:10539000711B884207DD304626461D464FF0010846
:1053A0000446134601E04FF00008AE4205D93046EE
:1053B0002E46054620461C460346A81B0FFA80F9D8
:1053C000181B002800DCE01A0FFA80FB09EBD970EB
:1053D00047109C4201D2012001E04FF0FF3082468D
:1053E00018E000BF0A9AB8F1000F02D031462046FB
:1053F00001E02146304600F011F8A7EB0B0007B2A0
:10540000002F05DA04EB0A0084B207EB090007B2AB
:10541000761CB6B2AE42E5D9BDE8F09F38B5144669
:10542000B0F5A07F19D2F02917D20B46024600F042
:1054300031F9200A8DF800008DF80140074C002258
:1054400008212046FDF79EFD0221684600F0EAF99A
:10545000012208212046FDF795FD38BD00080140D6
:105460002DE9F843164F1646894680461D46002210
:1054700008213846089CFDF785FD4B463246194603
:1054800040460094FFF778FF42462B4649461046B7
:105490000094FFF771FF2B463246194640460094B0
:1054A000FFF76AFF32462B46494610460094FFF745
:1054B00063FF3846BDE8F84301220821FDF762BDCD
:1054C000000801402DE9F84305460021EF2340F292
:1054D0003F12084600F0DEF8DFF84890002208216D
:1054E0004846FDF74FFD00242E0AEFB24FF4A07896
:1054F0005FF000058DF800608DF8017002216846AC
:1055000000F090F96D1CADB2F02DF3D3641CA4B281
:105510004445EDD34846BDE8F84301220821FDF794
:1055200031BD0000000801401FB50A20FDF728FC2E
:10553000414C002204212046FDF724FD0A20FDF7FE
:105540001FFC012204212046FDF71CFD1420FDF75D
:1055500017FC3A2000F048F9552000F095F9B220E8
:1055600000F042F935A1D1E90001CDE900010521A2
:10557000684600F057F9032000F0C8F8B72000F0A3
:1055800033F9352000F080F9BB2000F02DF9192007
:1055900000F07AF9C02000F027F92C2000F074F90F
:1055A000C22000F021F9012000F06EF9C32000F0C4
:1055B0001BF9122000F068F9C42000F015F9202032
:1055C00000F062F9C62000F00FF90F2000F05CF93E
:1055D000D02000F009F9A42000F056F9A12000F035
:1055E00053F9E02000F000F916A00FC88DE80F0075
:1055F0000E21684600F016F9E12000F0F5F815A13B
:105600000FC98DE80F000E21684600F00BF921202C
:1056100000F0EAF8112000F0E7F8132000F0E4F8B9
:10562000292000F0E1F83220FDF7AAFB04B00020A9
:10563000BDE81040FFF746BF000801400C0C0033E6
:1056400033000000D0040D11132B3F544C180D0BE8
:105650001F230000D0040C11132C3F44512F1F1F97
:105660002023000070B50A4D044600220821284678
:10567000FDF788FC0CB1212000E0202000F0B4F8F8
:105680002846BDE8704001220821FDF77BBC0000E0
:10569000000801402DE9F843DFF86C8015460E46FE
:1056A00007461C46002208214046FDF76BFC2A20D5
:1056B00000F09AF8380A8DF800008DF80170280A79
:1056C0008DF802008DF803500421684600F0AAF816
:1056D0002B2000F089F8300A8DF800008DF8016069
:1056E000200A8DF802008DF803400421684600F07E
:1056F00099F82C2000F078F84046BDE8F8430122E4
:105700000821FDF73FBC00000008014010B5044629
:10571000362000F069F854B1012C0AD0022C0AD0CE
:10572000032C0AD16020BDE8104000F0ADB8C020C5
:10573000F9E7A020F7E70020F5E710BD0FB42DE949
:10574000FF5F0C46DDE913A905461F46002208212C
:105750002448FDF717FCC7F30726601E304483B2C8
:10576000FFB2681E384482B221462846FFF792FFF6
:1057700000252BE010981299203800FB06500024D9
:1057800031F810804FEA1A2002900AF0FF000190D1
:105790004FEA192009F0FF0B009014E008FA04F01A
:1057A000000406D502988DF80C0001988DF80D00C4
:1057B00004E000988DF80C008DF80DB0022103A8CC
:1057C00000F030F8641CA742E8D86D1CAE42D1D876
:1057D00004B00122BDE8F01F082102485DF814EB77
:1057E000FDF7D0BB0008014031B50C4C0022082168
:1057F0002046FDF7C7FB002202212046FDF7C2FB31
:105800004FF0FF33012269460548FEF789FB01226C
:1058100008212046FDF7B6FB38BD00000008014016
:10582000200100202DE9F047154F0C4606460022C6
:1058300008213846FDF7A6FB012202213846FDF774
:10584000A1FB4FF480384FF6FF794FF0FF3A0DE09F
:10585000444501D3484600E0204685B253462A46D7
:1058600031460848FEF75CFB2E44641B002CEFD148
:105870003846BDE8F04701220821FDF783BB000050
:10588000000801402001002031B50C4C0022082105
:105890002046FDF777FB012202212046FDF772FB2F
:1058A0004FF0FF33012269460548FEF739FB01221C
:1058B00008212046FDF766FB38BD000000080140C6
:1058C000200100202DE9FE4FDFF86890DDE90DBAD8
:1058D00014460E4605469846002208214846FDF724
:1058E00051FB08F0FF0719E07819B0F5A07F09D344
:1058F000C8F3072081198EB200253044F02810D259
:10590000202A0AD0CDE901BA0C98009043463146CE
:105910002846FFF713FF781985B2641C2278002A05
:10592000E2D103B04846BDE8F04F01220821FDF75F
:1059300029BB0000000801407047FDF79DBE30B54F
:1059400093B028216846FAF7D1FE14210AA8FAF785
:10595000CDFE002501200F9510951195010412959B
:105960008DE8230004904FF4E010CDE908100224E4
:1059700007946846FEF7BCF808B172B6FEE70AA9BC
:105980000F2081E831004FF48060CDE90D05022140
:105990000AA8FDF7D1FF08B172B6FEE74FF4004048
:1059A00011900F940FA8FDF751FF002801D072B697
:1059B000FEE713B030BD70472DE9F843054601F10D
:1059C0001E0016464FF6FF7883B205F13C070C46E1
:1059D000BAB22846CDF80080FFF742FD04F1080076
:1059E00081B2B8B20E230422CDF80080FFF784FC08
:1059F0004FF4FC60142E02D84FF4784003E0322EAE
:105A000001D84FF6E070C6EBC601C9006422B1FBB5
:105A1000F2F6A41C002E07DD0090A81CB2B2A1B2C1
:105A200080B21A23FFF768FC382E0BDA00200090B2
:105A3000C6F1380082B2A819801CA1B280B21A2324
:105A4000FFF75AFCBDE8F8832DE9F0418EB0002540
:105A50004FF61F003B4CCDE90105606800903AA26B
:105A600005211E202368FFF72DFF48F2304019233F
:105A700000904FF49B7219460A20FFF77DFC384EC8
:105A800038A103A8B27DFAF7B7FB4FF6E070CDE975
:105A90000105374803AA41680091036828210A20BC
:105AA000FFF710FF334F786801F02AFE02460B46DD
:105AB00031A103A8FAF7A0FB47F6FF78CDE90185ED
:105AC0006068009003AA50210A202368FFF7FAFEBD
:105AD000386801F015FE02460B462CA103A8FAF720
:105AE0008BFBCDE901856068009003AA6E210A2036
:105AF0002368FFF7E7FEB07D462801D928A700E01C
:105B00002AA702D94FF4FC6601E04FF478464FF61D
:105B1000FF70CDE901056068009027A24FF0960163
:105B20004FF00A002368FFF7CDFECDE901656068FC
:105B300000903A469621A0202368FFF7C3FE0EB0DE
:105B4000BDE8F0810C0000204449474954414C20F5
:105B50005457494E202845444745204149290000D3
:105B600048000020534F483A202533642525200063
:105B700014000020900000204379636C65733A2084
:105B800025352E316620202000000000546F7461FE
:105B90006C2041683A2025352E326620416820006D
:105BA0004845414C544859200000000044454752A4
:105BB0004144454400000000414920446961676E4A
:105BC0006F7369733A0000002DE9F04F8DB0002526
:105BD0004FF6E070434CCDE901056068009042A2A9
:105BE000052128202368FFF76DFE48F2304819236D
:105BF0004FF49B7B5A4619460A20CDF80080FFF7E8
:105C0000BBFB3E4E706801F07BFD02460B463CA19B
:105C100003A8FAF7F1FA47F6FF703B4FCDE901050B
:105C20007868009003AA28210A203B68FFF74AFE03
:105C3000B06801F065FD02460B4634A103A8FAF7EF
:105C4000DBFA4FF4FC6ACDE901A57868009003AA5D
:105C500050210A203B68FFF735FE306901F050FD06
:105C600007468946F06801F04BFDCDE90079024610
:105C70000B4628A103A8FAF7BFFA4FF6FF70CDE94B
:105C800001056068009003AA78210A202368FFF7C5
:105C900019FE727D2821E620FFF78EFE727D23A17A
:105CA00003A8FAF7A9FACDE901A56068009003AA54
:105CB0005021E1202368FFF705FEE6235A4696218E
:105CC0000A20CDF80080FFF7CBFBCDE901856068A5
:105CD000009019A2B42178202368FFF7F3FD0DB0DE
:105CE000BDE8F08F0C0000204C4956452053454E2E
:105CF000534F52204441544100000000480000200E
:105D000025352E33665620001400002025352E330D
:105D100066412000503A2025352E3366572020203A
:105D2000453A2025352E346657682000534F433AB4
:105D300025336425250000004C4956452047524133
:105D4000504800002DE9F0478EB000254FF478460A
:105D50003A4CCDE901656068009039A205213C20EC
:105D60002368FFF7AFFD48F23040192300904FF44D
:105D70009B7219460A20FFF7FFFA3649DFF8D880F0
:105D80004FF4FC698868404501DD374600E04F4626
:105D90008A4601F0B5FC02460B4630A103A8FAF78B
:105DA0002BFA3248CDE9017541680091036803AAD6
:105DB00028210A20FFF786FD30482DA2007D20B162
:105DC000012804D0022804D004E02DA202E02FA272
:105DD00000E031A233A103A8FAF70EFA4FF6E07003
:105DE000CDE901056068009003AA5A210A202368C2
:105DF000FFF768FDDAF80810414501DD2CA700E047
:105E000030A700DC4E464FF6FF70CDE90105606813
:105E1000009031A24FF08C014FF00A002368FFF789
:105E200051FDCDE90165606800903A46AA210A203B
:105E30002368FFF747FD0EB0BDE8F0870C00002097
:105E4000544845524D414C20262053414645545913
:105E5000000000003C0000200000344254656D70DA
:105E60003A2025352E316643200000001400002022
:105E7000554E4B4E4F574E2020202000480000200A
:105E800049444C45202020202020200043484152F6
:105E900047494E4720202000444953434841524738
:105EA000494E470053746174653A20257300000021
:105EB0004F56455248454154205741524E494E474E
:105EC000210000004E4F524D414C204F5045524151
:105ED00054494F4E2000000053797374656D205370
:105EE00074617475733A000010B5FDF751F8134CE6
:105EF00041F288326168411A91420BD96060607842
:105F0000401CC0B26070022801D9002060700020DF
:105F1000FFF7D8FA607838B1012809D002280BD1F0
:105F2000BDE81040FFF70EBFBDE81040FFF74CBEC4
:105F3000BDE81040FFF788BD10BD00001C00002028
:105F40000148FEF7A4B9000078010020F0B502680E
:105F5000194B1A4C1A4D4FF08047984205D0B84261
:105F600003D0A04201D0A84203D122F070064A68B3
:105F70003243984205D0B84203D0A04201D0A84293
:105F800003D122F44074CA6822434C6922F0800293
:105F9000224302608A68C2620A688262984201D122
:105FA00009690163012141610169C90703D00169E0
:105FB00021F001010161F0BD002C0140000400400E
:105FC0000008004010B5846842EA032224F47F44AC
:105FD0000A432243826010BD826822F070020A43A5
:105FE00042F007018160704710B5036A046A24F02B
:105FF00001040462846924F0F00444EA021423F0EA
:106000000A020A438461026210BD10B5036A046A81
:1060100024F010040462846923F0A00324F4704483
:1060200044EA023243EA01118261016210BD0000BC
:1060300001490860704700003C0000202DE9F04154
:10604000264C2068FCF7B2FD64212068FCF710FDA7
:106050002068FCF74FFC05462068FCF707FE284641
:1060600001F0E2FC1E4E314601F026FD1D4901F013
:10607000E1FB05461C496060A0F50000884228D27B
:106080002946304601F016FE184F06463946284686
:1060900001F012FD314601F0CDFB394601F0CAFB9B
:1060A00001F02EFB00F000FB7A04114B01F0FEF82A
:1060B0004FF060420F4B00F055FE02460B460020A9
:1060C0000D4900F00BFF00F01BFE0C4901F0F2FD42
:1060D00000E00020A060BDE8F08100003C0000204E
:1060E0003333534000F07F455C8FD23F00401C4665
:1060F0006597303FE1796B3F0000F03F3393884371
:1061000010B5406A0021C185C184FEF75DF910BD5C
:1061100001680C3151E8002F22F4907241E800230D
:10612000002BF5D10168143151E8002F22F0010253
:1061300041E80023002BF5D1016B012909D1016849
:106140000C3151E8002F22F0100241E80023002B0F
:10615000F5D1202180F8421000210163704708B575
:1061600090F84210222901D0022008BD82684FF425
:1061700080539A4201D1016921B1816A9A421BD0B0
:106180004AB10AE00268816A5268C2F308020A80D2
:10619000816A891C08E0026972B10268526802F0E3
:1061A0007F020A70816A491C8162C18D491E0904FF
:1061B000090CC18503D01BE002685268F1E7016851
:1061C000CA6822F02002CA600168CA6822F480729C
:1061D000CA6001684A6922F001024A61202180F800
:1061E000421000214163026B012A03D0FEF7ACFA92
:1061F000002008BD016301680C3151E8002F22F036
:10620000100241E80023002BF5D101680A68D2068C
:1062100002D50A6849680091818DFEF7D4F8E7E756
:1062200070B5044600680169E26821F440511143E9
:1062300001612169A0680843616908432168CA684F
:1062400041F20C639A430243CA6020684169A26923
:1062500021F44071114341611E492068884202D1F6
:10626000FDF710FC01E0FDF7FDFB00EBC00101EBC9
:106270000012606864218000B2FBF0F3B3FBF1F31D
:106280006FF018067343B2FBF0F5B2FBF0F605EBC6
:106290008305322303EB0515B5FBF1F5B6FBF1F6EB
:1062A00005F0F00505EB0615B2FBF0F6B2FBF0F0D9
:1062B000B0FBF1F06FF01802504306EB800003EBE7
:1062C0000010B0FBF1F0216800F00F002844886056
:1062D00070BD00000038014081628285C2850021C6
:1062E0004164222180F84210016921B10168CA6825
:1062F00042F48072CA6001684A6942F001024A6150
:106300000068C16841F02001C160002070472DE99C
:10631000F843984617460D460446089E24E0701C34
:1063200022D0FCF735FEA0EB0800B0421AD8CEB15F
:106330002068C168490717D5802D15D0402D13D08E
:106340000168C94309070FD401680025406800901F
:106350002046FFF7DDFE0820606484F840500120ED
:10636000BDE8F8830320FBE72068006835EA0000F9
:1063700004D00020B842D2D00020F1E70120F9E794
:106380000148FEF723B80000C0010020FEE71FB55A
:10639000130A8DF80C308DF80D204FF47A74022317
:1063A00003AA8DE81C000279006854000A46012304
:1063B0002146FDF79BF81FBD490050EAC12018BFD8
:1063C00004204A0D18BF40F0010040F2FF72B2EB0A
:1063D000515F08BF40F00200012808BF0520704748
:1063E0000907090E002804DB00F1E02080F8001402
:1063F000704700F00F0000F1E02080F8141D704796
:106400002DE9F0414F1E00EBC7010446D1E9000120
:1064100015461E4637F006020DD02A46334600F0D8
:1064200045FF7F1E04EBC703D3E9002300F09AFC6D
:1064300037F00602F1D1022F25D0042F13D0062FFA
:1064400018BFBDE8F0812A46334600F02FFFD4E99B
:106450000A2300F087FC2A46334600F027FFD4E9E0
:10646000082300F07FFC2A46334600F01FFFD4E9E2
:10647000062300F077FC2A46334600F017FFD4E9E4
:10648000042300F06FFC2A46334600F00FFFD4E9E6
:10649000022300F067FC2A46334600F007FFD4E9E8
:1064A0000023BDE8F04100F05DBC0000002213466F
:1064B0001046014900F012BD0000F03F012201F03A
:1064C000A5BC002213461046114600F007BD40F25D
:1064D000013200204FF0E04101F098BC024A002058
:1064E000110701F093BC000001FDFFFF10B5044649
:1064F000D1E9000100F002F8206010BDF8B50446B3
:106500000D466A4600F06AF800987E300090002838
:106510001EDC002213462046294600F037FE17D025
:10652000002140F608004FF00000064620462946AC
:1065300000F0E6FB044640F6080006EA00014FF0D2
:10654000000034F0004004BF0220FAF7FEF829E012
:106550000098FF2828DB002108464FF0000000F4D7
:106560004006002213462046294600F09DFF8CBFBE
:10657000002501250220FAF7E8F84FF0FF4446B164
:10658000002D0CBF4FF400004FF48000B04218BF44
:10659000084C042108464FF00000002D04BF84F091
:1065A0000040F8BD2046F8BD20462946BDE8F84029
:1065B00000F0A6BBFFFF7F7F10B504460A46D4E972
:1065C0000003194600F036F8C4E9000110BD303868
:1065D0000A2801D2012070470020704710B51446E8
:1065E00000222260114A21F000439342A8BF10BD4F
:1065F00053EA000208BF10BDB3F5801FA8BF226890
:1066000007DA362201F002FC6FF0350221F0004378
:106610002260DFF81CC06FF31E510CEB23531A44A9
:1066200041F0FF5141F00051226010BD0000F07FA9
:1066300002FCFFFF2DE9F04106460C4640F2FF75D3
:10664000174635EA14502BD000221346304600F08E
:106650009DFD25D03A463046214601F0D7FB06463F
:106660000C4635EA145010D000221346304600F094
:106670008DFD15D10220FAF768F8FFF72FFF0A46C3
:10668000214662F31E01BDE8F0810220FAF75DF8B1
:10669000FFF71DFF0A46214662F31E01BDE8F081A7
:1066A00030462146BDE8F0812DE9F04DC84A00246E
:1066B00090B0914205DA21F00043934201D805D110
:1066C00020B110B0BDE8F04DFFF7F8BEB1F5801F66
:1066D0001BDA53EA000209D0002911DA0120FAF787
:1066E00034F810B0BDE8F04DFFF7EBBE0220FAF72A
:1066F0002CF8FFF7DBFE10B081F00041BDE8F08D13
:106700006FF03504362201F081FB04EB2152C1F316
:106710001308B049A2F2FF33414401F4801282F021
:106720007F6103EB225281F04051009241EA08015F
:106730000022A94B00F0FAFE044608F10200A74E21
:10674000C0F313000D467E44032867D2D6E9002328
:10675000204600F01BFD1ED10098002802BFD6E99C
:10676000000110B0BDE8F08D00F04CFD07460C466E
:106770009B4A9C4B00F09AFD06460D469A4A9B4B5D
:106780003846214600F092FD10B032462B46BDE857
:10679000F04D00F0E7BA4FF05532954B20462946B0
:1067A00000F084FD0022934B00F0B4FE06460F4635
:1067B00022462B461046194600F078FD32463B46ED
:1067C00000F074FD064600980F46F0B100F01AFD87
:1067D00080468A46824A834B00F068FD32463B463B
:1067E00000F098FE22462B4600F0A0FE05460C461F
:1067F0007D4A7E4B4046514600F058FD10B02A4677
:106800002346BDE8F04D00F091BE0B4610B0324675
:1068100020462946BDE8F04D00F088BE00224FF02A
:106820008043204600F09EFA02460B462046294649
:1068300000F054FB06460F46009800F0E3FCCDE95B
:10684000040132463B461046394600F02FFD0C90BD
:1068500069480C9A4044019009910B46104600F09B
:1068600025FD8246024665488B46C8F151080B4615
:1068700008F5D72803217844FFF7C2FD52465B464E
:1068800000F014FD0A905E480D9152465B460421CB
:106890007844FFF7B5FD099B0C9A00F007FD84468C
:1068A00001980D9B40EA080860460A9A00F05AFADF
:1068B00083460891B8F1000F4EDD4FF0FF322046BD
:1068C000294601F0A3FA22462B4600F0EFFC804651
:1068D00000988A4660B3DDE90401414A414B00F06B
:1068E000E5FC099100905A4640465146089B00F04D
:1068F00039FA32463B4600F0D9FC099B009A00F079
:1069000031FA4246534600F005FE22462B4600F07F
:106910000DFE04460D46DDE90401334A334B00F019
:10692000C5FC10B022462B46BDE8F04D00F0FEBD80
:106930005A464046089B00F015FA32463B4600F0A6
:10694000B5FC4246534600F0E5FD10B022462B460A
:10695000BDE8F04D00F0DEBD009840B3DDE9040174
:106960001F4A204B00F0A2FC80468A465A46204629
:106970002946089B00F0DAFD32463B4600F096FCC3
:106980004246534600F0D2FD22462B4600F0CEFD93
:1069900004460D46DDE90401134A144B00F086FC61
:1069A00010B022462B46BDE8F04D00F0BFBD0B46AF
:1069B0005A462046294600F0B9FD32463B4600F0D3
:1069C00075FC10B022462B46BDE8F04D00F0A2BD8C
:1069D0000000F07F645F09000000F03F1E3A0000F5
:1069E000763C7935EF39EA3D0000E0FE422EE63F85
:1069F0005555D53F0000E03F86EBF9FFB638000063
:106A0000B4380000ADF5167DFCF73EFEFEF797FFAB
:106A1000FEF726FAFEF7FCF98B488A49002401604C
:106A20008A49C0E901144FF48041C0E9034144613F
:106A30008461C4610462FCF7B1FA08B172B6FEE782
:106A4000FEF788FA804D8248F43528604FF4E13033
:106A5000C5E901040C20EC60C5E90440AC6128469E
:106A6000EC61FDF7E9FD08B172B6FEE7FEF750FAFA
:106A7000FBF7F0FD402274497648FEF757F9754858
:106A8000FBF74AFE70483038FFF7D2FAFEF74CFDAC
:106A90000020FEF7E7FD012210216F48FCF772FA93
:106AA0000020FEF70FFD4FF4FC60CDE901046B48B8
:106AB0006BA2416800910A2103680846FEF702FFB5
:106AC000644961480122891FF430FDF72FFE684CAC
:106AD000FBF73CFEFFF7B2FAFFF706FA207D28B17C
:106AE000012805D002287DD062A102E063A100E068
:106AF00064A189A8F9F76CFD6548806800F000FE84
:106B000006460F46206900F0FBFD05468946E06811
:106B100000F0F6FD83468846A06800F0F1FD039181
:106B200082460D91606800F0EBFD0B4603998F9152
:106B30008646A27D607DCDE91602CDF840B0CDF845
:106B40004C900090CDE911850D99CDE91467CDE900
:106B50000EA1CDE90CE3CDE90A670098DC4689A9CE
:106B6000CDF808C0CDE906100892CDF81490CDE913
:106B700003858F997246CDE900A1464918A8F9F717
:106B80003BFB18A8F9F748FD82B22F484FF0FF33BE
:106B900018A9F430FDF758FE3D48806800F0B0FDBC
:106BA00006908946206900F0ABFD07468A46E068FA
:106BB00000F0A6FD80460E46A06800F0A1FD054647
:106BC0008B46606800F09CFD0246A07D637DCDE9A8
:106BD0000830CDF81C900B46CDF814A0CDF80880F5
:106BE0002D4900E01CE0CDE9005B70A8CDE903670A
:106BF000F9F702FB70A8F9F70FFD82B212484FF0C7
:106C0000FF3370A9F430FDF71FFE0F48F430FBF797
:106C100025FD0D48F43090F84210202902D00CE0F8
:106C20001EA166E7006801684068009009490648AF
:106C30000122891FF430FDF779FD4FF47A70FCF7DB
:106C40009FF845E700540040CC000020A0860100DA
:106C50000038014024000020000801400C00002002
:106C600053595354454D20524541445900000000AA
:106C700048000020554E4B4E4F574E0049444C455E
:106C8000000000004348415247494E4700000000C1
:106C90003C000020B4A20008C8A3000844495343A4
:106CA00048415247494E470010B500290AD008789C
:106CB000002807D005487844FAF7D2FF002801D011
:106CC000002010BD0248784410BD00008E3700003F
:106CD0008637000010B500290AD00878002807D0B0
:106CE00005487844FAF7BCFF002801D0002010BD09
:106CF0000248784410BD00007E370000763700005F
:106D000021F00042A2F16052B2F5801F01F0004371
:106D100028BFD2F17F6C0BD95FEA001C43EAC202A4
:106D200042EB507018BF704728BF20F00100704739
:106D3000B2F5801FBCBF184670474FEA410C1CF5E6
:106D4000001F02D2084600F07EBF70B500F058FB6D
:106D500000000089FFF7F6BF4FF00040A0F580006B
:106D60007047000010B591EA030F48BF83F000435D
:106D700000F1E483841A71EB030C05D2121943EB82
:106D80000C03001B61EB0C01DFF824E14FEA115406
:106D9000A4EB135C1EEA430F18BF9EEA445F73D056
:106DA00023EA0E03DCF1200E21EA045143F48013A0
:106DB00032D322FA0CFE10EB0E0023FA0CFE41EB4C
:106DC0000E01CCF1200E03FA0EFE10EB0E0051F175
:106DD0000001B1F5801FCCF1200E32D201EB04513D
:106DE00012FA0EF2BDE8104058BF7047401C38BF81
:106DF0005FEA420218BF7047002814BF20F001006C
:106E000041F100014FEA410313F5001F38BF7047FD
:106E1000A1F1C04100F042BB012A43EB0302ACF1F7
:106E2000200CDCF11F0E32BF4FF0000E23FA0CF3E2
:106E300010EB030041EB0451B4EB115FD0D0A1EB98
:106E4000045101F5801149085FEA300001EB04515B
:106E50000ED350F1000038BF12FA0EFE08D1BDE883
:106E60001040C9E7401C38BF5FEA4202CAD1C3E7FD
:106E7000BDE810404FEA410313F5001F38BF7047CB
:106E8000A1F1C04100F00ABB9EEA445F08D011EABC
:106E90005E0FBDE8104004BF01F0004100207047C4
:106EA000BDE8104070B500F0ABFA00BF64FBBE3E19
:106EB0000000E0FF02494FF0000000F075BF00BF86
:106EC0000000F87F491058BFC1F140415B1058BF26
:106ED000C3F140438B42EFF3008070472DE9C0417E
:106EE00030B4DFF8A0C23CEA111418BF3CEA131416
:106EF00000F0EC8081EA03051CEA111444EAD57421
:106F000018BF1CEA131500F0C780A4EB05044FF06E
:106F1000004545EAC12145EAC32341EA505143EA0D
:106F2000525304F17F74994204F500344FEAC020B3
:106F30004FEAC22208BF904200F09C804FEA1365DE
:106F40000FF24016765D4FEA134506FB05F7C7F1D1
:106F5000807706FB07F74FEAD737A7FB036876422F
:106F6000C8F58038A7FB06CE38BFA8F1010807FB9B
:106F700008E64FF0000EA6FB028CE6FB03CEDCF128
:106F8000000CCEF1004E38BFAEF1010EA6FB0C583E
:106F90004FF000074FF00005E6FB0E87A1FB08C687
:106FA000A0FB07CE16EB0E0645F10005E1FB0765D9
:106FB00015F1E04E7EBFA4F580345FEA46066D41D0
:106FC00016F1800745F100054FEA17274FEA0666DC
:106FD00047EA0567A6F1DE46B6F1805F4FEA152560
:106FE0001FD9384624F0010C05EBC471BCF1FE6FCB
:106FF00001EB0C1102D8F0BCBDE8008124425CBF5B
:1070000001F5801E9EEAC47F02D4F0BCBDE8008179
:10701000244238D4F0BCA1F1C041BDE8004100F0E9
:107020003DBA4FEAD22242EA43524FEAD323A7FBAA
:1070300002864FEAD02040EA415007FB03661EEA71
:107040000E0F4FEAD12105FB026658BFA6EB005692
:10705000B6EB00564FEA520E4EEAC37E18EB0E0E08
:1070600056EB530EBDD518EB02085E417F1C55F15F
:107070000005B6E74FF480154FF000074FF000060B
:107080004FF00008ADE7F0BC4FF0000001F1C04147
:1070900001F00041BDE8008111EA0C1F0CEA131554
:1070A00000D00CE013EA0C1F00F025804FF0000028
:1070B000F0BC81EA030101F00041BDE80081F0BCB1
:1070C000BDE8004181EA030100F0E8B9F0BCBDE889
:1070D000004170B500F094F9097EFC3E00F007B85D
:1070E00081EA03014FF0000001F00041704781EA9E
:1070F000030100F0D3B9F0BCBDE800414FF000003F
:1071000021497047FFFDFBF9F7F5F4F2F0EEEDEBE6
:10711000E9E8E6E4E3E1E0DEDDDBDAD8D7D5D4D395
:10712000D1D0CFCDCCCBCAC8C7C6C5C4C2C1C0BFE1
:10713000BEBDBCBBBAB9B8B7B6B5B4B3B2B1B0AFE7
:10714000AEADACABAAA9A8A8A7A6A5A4A3A3A2A1CB
:10715000A09F9F9E9D9C9C9B9A9999989797969586
:1071600095949393929191908F8F8E8E8D8C8C8B22
:107170008B8A8989888887878685858484838382AA
:10718000828181800000FF070000F87F51EA030C34
:1071900017D41CF5801F58BFBCF5801F00F1068076
:1071A000994218BF704708BF9042704707D711F542
:1071B000801F58BF13F5801F19D499427047894228
:1071C00070471CF5801F08D5BCF5801FF7D58B4292
:1071D00018BF704708BF824270474FF4001C1CEB79
:1071E000410F38BF1CEB430F01D28B42704770B583
:1071F00000F006F9922449004FF000514FF08053FF
:10720000FFF760BE10F0004248BF4042B0FA80F382
:1072100010FA03F10AD0C3F11D0303F580634FEAAE
:10722000415002EB035202EBD12170474FF00000B6
:107230007047000051EA030C17D41CF5801F58BF9B
:10724000BCF5801F00F10680994218BF704708BF47
:107250009042704707D711F5801F58BF13F5801F64
:1072600019D499427047894270471CF5801F08D590
:10727000BCF5801FF7D58B4218BF704708BF82420C
:1072800070474FF4001C1CEB410F38BF1CEB430F41
:1072900001D28B42704770B500F0B2F892244900D9
:1072A0004FF000514FF08053FFF70CBEDFF848C19C
:1072B00070B51CEA111E1EBF1CEA13159EEA0C0FC6
:1072C00095EA0C0F00F06F8081EA030423EA4C1367
:1072D0004EEAD47E21EA4C1141F4801143F480132C
:1072E000AE44A1FB024CA0FB0365AEF17F7E3619D4
:1072F00055EB0C05A1FB034C4CF10003A0FB021C59
:1073000016EB0C06654153F10003094218BF46F025
:10731000010613F4007F0BD14FEA03314FEA053029
:10732000340341EA155140EA16506FF003020AE0B7
:107330004FEAC3214FEAC520F40241EA555140EA21
:1073400056506FF0020202EB2E4201EB025585EA25
:10735000CE710AD05FEA440C18BF24F0004450F10B
:10736000000041F1000120EAD47040F2FE7C624549
:1073700000D270BDA84214BF4FF080444FF040448B
:10738000002E08BF0024BEF1806FA8BFA1F1C0414C
:10739000BDE8704080F282804FF0000001F1C041F2
:1073A00001F0004170479EEA0C0F0CEA131518BF5C
:1073B00095EA0C0F06D04FF0000081EA030E0EF0A4
:1073C000004170BD00F01CF88900013E00F007B8D4
:1073D00000F009B84FEA430C5FEA5C5C08D081EA30
:1073E000030100F05BB84FEA410C5FEA5C5CF6D148
:1073F0004FF00000014970470000FF070000F87FD0
:107400000EF1020E2EF0030E5EF8046B364205D428
:10741000012A43EB030515F5001F12D8012841EBA3
:10742000010C1CF5001F0CD80ED14FEAD17C15F5CC
:10743000001F0CEB4C0C0CF1020C08BF4CEBD37C86
:1074400004E04FF0080C01E04FEAD37C0CEB4C0554
:1074500026FA05F606F00706B6F1040C06D20EEB86
:10746000860CBDE870404CF0010C6047DFE80CF082
:10747000090B02024FF000414FF00000A1F500217E
:1074800070BD19461046012851EB010418BFD4F510
:10749000001484BF002001F0004170BD0808A0F571
:1074A00000114FEA3101704753EA010C17D41CF563
:1074B000801F58BFBCF5801F00F106808B4218BFAB
:1074C000704708BF8242704707D713F5801F58BF27
:1074D00011F5801F19D48B4270479B4270471CF5F1
:1074E000801F08D5BCF5801FF7D5994218BF70479B
:1074F00008BF904270474FF4001C1CEB430F38BF8D
:107500001CEB410F01D2994270470FB40CBC03BC75
:10751000FFF7C1BE91EA030F10B581F000413FF5BE
:1075200029AC83F0004300F009B8000010B591EADF
:10753000030F48BF83F000433FF51CAC841A71EB86
:10754000030C07D212198CF0004C43EB0C03001B08
:1075500061EB0C01DFF8A4E14FEA1154A4EB135CDA
:107560001EEA430F18BF9EEA445F00F0B08023EA92
:107570006E03524221EA0451C3EB6E0338BF5B1E17
:10758000DCF1200E25D322FA0CFE10EB0E0043FA9C
:107590000CFE41EB0E01CCF1200E03FA0EFE10EBB7
:1075A0000E0051F10001CCF1200E29D412FA0EF296
:1075B00001EB0451BDE8104058BF7047401C1CBF90
:1075C000B2F1004F704700280CBF491C20F00100A9
:1075D000704712EB020E43EB030218BF4FF0010E8F
:1075E0004EEA4202ACF1200CDCF11E0E54D943FAF3
:1075F0000CFE10EB0E0051F1FF31CCF11E0ED5D573
:107600000EF1010E12FA0EFE404141EB010101EBB9
:10761000445C5FEA5C5C10D910EBDE7001EB045156
:1076200038BFBEF1004FBDE8104018BF70470028BA
:107630000CBF491C20F00100704730D24FEAD42C17
:1076400011F5001124F400641BD0B1FA81F20B3A59
:10765000A41AA41ED2F12003914030FA03F3194377
:10766000904001EBCC71002C01EB0451BDE81040BF
:10767000A8BF704701F1C0414FF0000001F0004188
:107680007047B0FA80F310FA03F100D110BDE41A8C
:10769000173C4805C90AE4E701EB045110BD491045
:1076A00001EB0451BDE810404FEA300002E04FF01A
:1076B000000170474A0008BF0042F8D0B2F5001F31
:1076C00028BF704701F000414FF0000070479EEA6C
:1076D000445F07D011EA5E0FBDE8104004BF0021EF
:1076E00000207047BDE8104070B5FFF789FE00BF6D
:1076F00040DFF63E83F00041104670470000E0FF97
:1077000043004FEAD30C4FEA3C0C43401FBF4007F5
:107710000CF1605113F0FE4F70471CF0006F03D165
:1077200000200CF0004170470CF0004343EA507019
:1077300010B540EACC0000F040FA00BF0000009213
:107740004FEA0001FFF7AABE4FF000414FF00000E2
:10775000A1F500217047000090EA010F48BF81F0B9
:10776000004100F1AE82421A3CBF801A89184FEAEC
:10777000D0524FF07F4C1CEA410FA2EBD15318BFFF
:107780009CEA026F00F03B804FF0004C4CEA002076
:107790004CEA012121FA03FC10EB0C0C1ED202F181
:1077A000FF325FEA1C2040EBC25038BF70471CF02C
:1077B0007F0F4FEA400C18BFBCF17F4F38BF7047B6
:1077C000C3F12003994008BF20F00100BCF17F4FB6
:1077D00038BF7047A0F1C04000F035BA4FEA3C0016
:1077E000000A40EBC25028BF1CF0FF0F4FEA400CCC
:1077F000E6D018BFBCF17F4F38BF7047EAE79CEA7C
:10780000026F05D010EA5C0F08BF00F0004070471F
:1078100010B500F0D2F900BF64FBBE3E401058BF67
:10782000C0F14040491058BFC1F140418142EFF3DF
:10783000008070474FF47F0C1CEAD0121EBF1CEA78
:10784000D11392EA0C0F93EA0C0F00F0858090EAB6
:10785000010F48BF42F4807240F4000C41F4000074
:107860002CF07F4120F07F4000B58142A2EB030263
:107870000FF2081CACEB504EC0F100009EF800E087
:107880004FEA4E0E00FB0EFC38BF49004FEA2C1C9D
:1078900002F5FA020CFB0EF34FEACE1E4FEA112C52
:1078A0004FEAC1210EEB635E42EB22420EFB0CFC61
:1078B0004FEA1C5300FB03114FEA112C4FEA013130
:1078C0000EFB0CFC4FEADC4C00FB0C11C14228BF44
:1078D00009184CEB03335DF804EB10EB410143EB6B
:1078E000C250B2F57C0F38BF704729D512F0F00FA7
:1078F0001CBF00F1C04000F000407047008182834F
:107900008485868788898B8C8D8E8F9192939596AE
:1079100097999A9C9D9FA0A2A3A5A7A8AAACAEB038
:10792000B2B3B5B7B9BCBEC0C2C5C7C9CCCED1D43D
:10793000D7D9DCDFE2E6E9ECF0F3F7FAFE0000006D
:107940004FEA400C0CF1807CBCF17E4F28BF7047A1
:10795000B0F1C04000F077B990EA010F0CEAD11302
:1079600048BF42F48072624538BF634507D213F4C2
:107970007F0F16D080EA010000F00040704710B57C
:1079800000F01BF9097EFC3E00F005B880EA01001A
:1079900000F00040704780EA010000F0004000F075
:1079A00052B912F47F0F04BF0248704780EA010009
:1079B00000F049B90000C07FC10DD1F19E0206DB85
:1079C0004FEA002343F0004323FA02F070470042DD
:1079D00007D54FEA4001B1F1FE4F02D24FF000004F
:1079E000704710B500F0E9F84992248000207047F4
:1079F0006FEA20007047000010F0004148BF40428D
:107A0000B0FA80F310FA03F2C3F19D030BD051EAF0
:107A1000C35101EB1220530638BF704700F101003B
:107A200008BF20F001007047B0FA80F310FA03F2AB
:107A3000C3F19D030AD0D90501EB1220530638BFCC
:107A4000704700F1010008BF20F0010070470000FE
:107A500050EA010C00F113801CF5000F58BFBCF573
:107A6000000F01D48842704707D710F5000F58BFA8
:107A700011F5000F15D488427047894270471CF5F4
:107A8000000F04D5BCF5000FF7D5814270474FF0C9
:107A9000807C1CEB400F38BF1CEB410F01D28142B0
:107AA000704710B500F089F8922449004FF000505B
:107AB0004FF08051FFF7B2BE4FF47F0C1CEAD0129A
:107AC0001EBF1CEAD11392EA0C0F93EA0C0F00F0D0
:107AD000478090EA010F48BF42F480724FF0004C9B
:107AE0004CEA00204CEA012102EB0302A0FB011347
:107AF000A2F50002002918BF43F001035B0028BF74
:107B00004FEA330342EB22425FEA132C4CEBC250A4
:107B10002EBFBCEB436FB2F57C0F70474FEA036C8E
:107B2000BCF1004F08BF20F00100B2F57C0F38BF58
:107B300070470BD582F0FF0212F5803FC8BF704737
:107B400000F1C040D8BF00F00040704700F5000CC5
:107B50005FEA4C0C48BF7047B0F1C04000F073B80A
:107B600090EA010F0CEAD11348BF42F480726245DB
:107B700038BF634504D280EA010000F0004070473E
:107B800010B500F01AF800BF8900013E00F007B8F8
:107B900000F009B85FEA410C5FEA1C6C08D080EA8B
:107BA000010000F050B85FEA400C5FEA1C6CF6D1AF
:107BB0004FF00040A0F5800070470EF1020E2EF04D
:107BC000030E5EF8044B244204D44FEA4102B2F1A2
:107BD0007F4F11D84FEA4003B3F17F4F0CD80ED13D
:107BE0004FEAD07CB2F17F4F0CEB4C0C0CF1020C45
:107BF00008BF4CEBD17C04E04FF0080C01E04FEAE9
:107C0000D17C0CEB4C0324FA03F404F00704B4F128
:107C1000040C06D20EEB840CBDE810404CF0010CB5
:107C20006047DFE80CF0070802024FF00040A0F5C3
:107C3000800010BD0846420018BFD2F1807288BF94
:107C400000F0004010BDFF2141EAD050C005704750
:107C500051EA000C00F113801CF5000F58BFBCF571
:107C6000000F01D48142704707D711F5000F58BFAC
:107C700010F5000F15D481427047894270471CF5FA
:107C8000000F04D5BCF5000FF7D5884270474FF0C0
:107C9000807C1CEB410F38BF1CEB400F01D28842A7
:107CA000704780EA010081EA000180EA0100FFF7E5
:107CB000F8BE000090EA010F48BF81F000413FF597
:107CC00052AD421A04D882F00042A0EB02001144E7
:107CD0004FEAD0524FF07F4C1CEA410FA2EBD15338
:107CE00018BF9CEA026F4AD04FF0004C4CEA0020CB
:107CF0004CEA012121FA03FCB0EB0C0C0FD412F07A
:107D0000FE0F36D05FEA4C001DD5001240EBC2508A
:107D100038BF70471CF03F0F18BF70470BE0A2F14F
:107D200001025FEA1C2040EBC25038BF70471CF0D4
:107D30007F0F18BF7047C3F12003994014BF401E46
:107D400020F00100704780084FEA122308BF7047F7
:107D5000B0FA80FCA2EB0C02CCF1280C60FA0CF01B
:107D600093EA122F04BF00EBC25070474FEAC37072
:107D70007047130A5FEADC1008BF7047F6E79CEA19
:107D8000026F04D010EA5C0F08BF0020704710B5E6
:107D9000FFF713FF40DFF63E81F0004070474FF0E1
:107DA00000007047F8F709BE0CF00F03092B08BF5D
:107DB000082000F05F800A2B0BD0082B18BF7047FB
:107DC00008BF1CF0400F0AD04FF000004FF0000138
:107DD00070471CF0400F18BF4FF0004070471CF078
:107DE000100F08D020F0704300F07F4242EAD30128
:107DF0004FEA4370704700F0604021F07F4242EA52
:107E0000000201F07F4040EA727070474FF0FF0CB3
:107E10004CF4E06C1CEA11531CBF9CEA030C944523
:107E2000C2BFDA4201EB02517047002B0DD0BCF10A
:107E3000000F0FD0002A01F00041A4BF41F0E04143
:107E400041F07F614FF00000704701F000414FF0BA
:107E50000000704750EA01334FF09B0C18BF4CF004
:107E6000806C7FF427A87047F9F746B8F9F7C4BCCF
:107E7000F9F752BE1CF4801F11D01CF4E02F03D080
:107E80006FEACC31490070474FF04050EFF3008269
:107E900022F0704242EA000282F3008870474FF0FD
:107EA00000007047666686400000C842CDCC844022
:107EB0000000BE421F8583400000B4425C8F8240B8
:107EC0000000AA42D7A380400000A04252B87E40E2
:107ED00000009642CDCC7C4000008C42713D7A403F
:107EE0000000824214AE7740000070428FC275409D
:107EF00000005C42E17A7440000048423333734032
:107F00000000344285EB714000002042D7A370404E
:107F100000000C42295C6F400000F0417B146E4071
:107F20000000C841CDCC6C400000A0411F856B40D3
:107F3000000070416666664000002041000060401D
:107F40000000A040333353400000000043757374B9
:107F50006F6D000000000000000000000000000045
:107F6000CDCC0C40CDCC6C406666864000004040D5
:107F700047656E6572696320312E324168000000EA
:107F8000000000009A99993FCDCC6C40666686400F
:107F90000000304047656E6572696320312E3641BE
:107FA0006800000000000000CDCCCC3FCDCC6C4080
:107FB000666686400000304047656E6572696320E2
:107FC000312E384168000000000000006666E63F80
:107FD000CDCC6C40666686400000304047656E65DB
:107FE00072696320322E30416800000000000000FA
:107FF00000000040CDCC6C406666864000003040FA
:1080000047656E6572696320322E32416800000058
:1080100000000000CDCC0C40CDCC6C4066668640A4
:108020000000304047656E6572696320332E304131
:10803000680000000000000000004040CDCC6C4013
:10804000666686400000304000000000000000002E
:108050000000000000000000000000000000000020
:108060000000000000000000000000000000000C04
:10807000000C000C000C000C000C000C000C000CA0
:10808000000C000C0000000C000C000000000000C0
:108090000000001B001B001B001B001B0000000059
:1080A00000000000000000000000000000000000D0
:1080B0000000000000008019801980198019C07F1D
:1080C000C07F80190033C07FC07F0033003300338E
:1080D00000330000000000000000001E003F80751B
:1080E00080650074003C001E000780058065806587
:1080F0008075003F001E00040004000000000070B6
:1081000000D840D8C0D880D900730006000C801B6E
:10811000C036C066C046C0068003000000000000F4
:108120000000001E003F003300330033001E000C2F
:10813000C03CC066806380618063C03E801C0000DC
:10814000000000000000000C000C000C000C000CF3
:10815000000000000000000000000000000000001F
:108160000000000000000000800000010003000685
:1081700000060004000C000C000C000C000C000CAD
:10818000000400060006000300018000002000102B
:108190000018000C000C0004000600060006000693
:1081A000000600060004000C000C0018001000205F
:1081B0000000000C002D003F001E003300000000F6
:1081C00000000000000000000000000000000000AF
:1081D00000000000000000000000000C000C000C7B
:1081E000000CC0FFC0FF000C000C000C000C0000D5
:1081F000000000000000000000000000000000007F
:10820000000000000000000000000000000000006E
:108210000000000C000C0004000400080000000036
:108220000000000000000000000000000000001E30
:10823000001E000000000000000000000000000020
:10824000000000000000000000000000000000002E
:1082500000000000000000000000000C000C000006
:1082600000000000000000030003000300060006F9
:1082700000060006000C000C000C000C0018001892
:1082800000180000000000000000001E003F003346
:10829000806180618061806D806D806180618061BE
:1082A0000033003F001E0000000000000000000638
:1082B000000E001E0036002600060006000600061E
:1082C0000006000600060006000600000000000090
:1082D0000000001E003F8073806180618001000308
:1082E0000006000C001800300060807F807F0000D6
:1082F000000000000000001C003E0063006300035B
:10830000000E000E00038001800180618073003F39
:10831000001E00000000000000000006000E000E1D
:10832000001E001E0016003600360066807F807F2B
:108330000006000600060000000000000000007FAC
:10834000007F006000600060006E007F806380013D
:10835000800180618073003F001E0000000000006B
:108360000000001E003F803380610060006E007FCF
:1083700080738061806180618033003F001E000057
:10838000000000000000807F807F80010003000368
:1083900000060006000C000C000C00080018001875
:1083A00000180000000000000000001E003F806375
:1083B000806180610021001E003F806180618061DA
:1083C0008061003F001E0000000000000000001E51
:1083D000003F00738061806180618073803F801DF9
:1083E000800180610073003F001E0000000000005B
:1083F00000000000000000000000000C000C000065
:1084000000000000000000000000000C000C000054
:10841000000000000000000000000000000000005C
:10842000000C000C00000000000000000000000C28
:10843000000C000400040008000000000000000020
:1084400080008003000E003800600038000E8003BA
:10845000800000000000000000000000000000009C
:10846000000000000000807F807F00000000807F0F
:10847000807F0000000000000000000000000000FD
:10848000000000000000000000400070001C000719
:1084900080010007001C0070004000000000000088
:1084A000000000000000001F803FC071C060C000DD
:1084B000C00180030007000E000C000C0000000C3F
:1084C000000C0000000000000000001E003F803192
:1084D00080718063806F806D806D806F80670060C9
:1084E0000032003E001C0000000000000000000EF2
:1084F000000E001B001B001B001B80318031803FE1
:10850000803F8031C060C060C0600000000000009B
:108510000000007C007E0063006300630063007E57
:10852000007E0063806180618063007F007E0000C8
:10853000000000000000001E003F803180610060EC
:108540000060006000600060006080618031003F7A
:10855000001E0000000000000000007C007F00639F
:10856000806380618061806180618061806100637F
:108570000063007E007C0000000000000000807F9F
:10858000807F0060006000600060007F007F00600E
:10859000006000600060807F807F000000000000BD
:1085A0000000807F807F0060006000600060007FCE
:1085B000007F0060006000600060006000600000FC
:1085C000000000000000001E003F8031806100605C
:1085D0000060006080638063806180618031803FE3
:1085E000001E0000000000000000806180618061CA
:1085F000806180618061807F807F80618061806137
:108600008061806180610000000000000000003F88
:10861000003F000C000C000C000C000C000C000CC7
:10862000000C000C000C003F003F000000000000A8
:1086300000008001800180018001800180018001B3
:1086400080018001806180618073003F001E000016
:10865000000000000000C0608061006300660066EA
:10866000006C0078007C00660066006380618061B9
:10867000C0600000000000000000006000600060BA
:1086800000600060006000600060006000600060EA
:108690000060807F807F0000000000000000C0714B
:1086A000C071C07BC07AC06AC06AC06EC064C0605E
:1086B000C060C060C060C060C0600000000000001A
:1086C000000080718071807980798079806D806D03
:1086D000806D80658067806780678063806300004D
:1086E000000000000000001E003F00338061806138
:1086F0008061806180618061806180610033003FC2
:10870000001E0000000000000000007E007F80636B
:108710008061806180618063007F007E0060006016
:108720000060006000600000000000000000001E0B
:10873000003F003380618061806180618061806181
:10874000806580670033803F401E0000000000000D
:108750000000007E007F8063806180618063007F15
:10876000007E00660063006380618061C06000007D
:10877000000000000000000E001F8031803100303A
:108780000038001E00078003806180618031003F57
:10879000001E0000000000000000C0FFC0FF000C31
:1087A000000C000C000C000C000C000C000C000C69
:1087B000000C000C000C00000000000000008061B4
:1087C00080618061806180618061806180618061A1
:1087D000806180618073003F001E00000000000087
:1087E0000000C060C060C060803180318031001BFB
:1087F000001B001B001B000E000E000E00040000FA
:10880000000000000000C0C0C0C0C0C0C0C0C0C0E8
:10881000C0CC804C804C805E8052805280738061DE
:1088200080610000000000000000C0C08060806126
:108830000033003B001E000C000C001E001F003B1C
:1088400080718061C0C00000000000000000C0C056
:108850008061806100330033001E001E000C000C9C
:10886000000C000C000C000C000C000000000000CC
:108870000000803F803F8001000300030006000CE1
:10888000000C0018001800300060807F807F00001E
:1088900000000000000F000F000C000C000C000C8A
:1088A000000C000C000C000C000C000C000C000C68
:1088B000000C000C000F000F00000018001800183A
:1088C000000C000C000C000C000600060006000660
:1088D000000300030003000000000000001E001E53
:1088E0000006000600060006000600060006000658
:1088F000000600060006000600060006001E001E18
:108900000000000C000C001E0012003300338061D8
:108910008061000000000000000000000000000076
:108920000000000000000000000000000000000047
:108930000000000000000000000000000000000037
:1089400000000000E0FF0000000000380018000CEC
:108950000000000000000000000000000000000017
:108960000000000000000000000000000000000007
:10897000000000000000001F803F80618001801F18
:10898000803F80618063807FC0380000000000006D
:1089900000000060006000600060006E007F807377
:1089A00080618061806180618073007F006E000063
:1089B0000000000000000000000000000000001E99
:1089C000003F807380610060006080618073003FC1
:1089D000001E0000000000000000800180018001F6
:1089E0008001801D803F8073806180618061806133
:1089F0008073803F801D0000000000000000000028
:108A0000000000000000001E003F00738061807FB6
:108A1000807F00608071003F001E000000000000A9
:108A20000000C007C00F000C000C807F807F000C8E
:108A3000000C000C000C000C000C000C000C0000E2
:108A4000000000000000000000000000801D803FCA
:108A5000807380618061806180618073803F801D50
:108A600080018063007F003E0000006000600060C5
:108A70000060006F807F80718061806180618061B3
:108A8000806180618061000000000000000000063D
:108A9000000600000000003E003E00060006000642
:108AA00000060006000600060006000000000000A8
:108AB0000006000600000000003E003E0006000622
:108AC0000006000600060006000600060006004636
:108AD000007E003C0000006000600060006080617B
:108AE00000630066006C007C0076006300638061B8
:108AF000C0600000000000000000003E003E0006D4
:108B00000006000600060006000600060006000635
:108B10000006000600060000000000000000000043
:108B200000000000000080DDC0FFC0CEC0CCC0CC83
:108B3000C0CCC0CCC0CCC0CCC0CC00000000000079
:108B400000000000000000000000006F807F8071C6
:108B500080618061806180618061806180610000EE
:108B60000000000000000000000000000000001EE7
:108B7000003F807380618061806180618073003F0D
:108B8000001E0000000000000000000000000000C7
:108B9000006E007F8073806180618061806180737E
:108BA000007F006E00600060006000600000000058
:108BB00000000000801D803F8073806180618061C3
:108BC00080618073803F801D800180018001800171
:108BD000000000000000000000000067803F003936
:108BE0000030003000300030003000300030000035
:108BF0000000000000000000000000000000001E57
:108C0000803F80610060007F803F80018061007F45
:108C1000001E000000000000000000000008001816
:108C20000018007F007F00180018001800180018B6
:108C30000018801F800F00000000000000000000EE
:108C400000000000000080618061806180618061BF
:108C5000806180618063807F803D000000000000B3
:108C600000000000000000000000C0608031803182
:108C70008031001B001B001B000E000E00060000D0
:108C8000000000000000000000000000000080DD87
:108C900080DD80DD0055005500550077007700220B
:108CA00000220000000000000000000000000000A2
:108CB0000000806100330033001E000C000C001E19
:108CC000003300338061000000000000000000005D
:108CD0000000000080618061803100330033001BA0
:108CE000001B001B000E000E000E001C007C00701C
:108CF00000000000000000000000C07FC07F800175
:108D000000030006000C00180030C07FC07F000088
:108D10000000000080038007000600060006000631
:108D20000006000E001C001C000E000600060006D7
:108D30000006000680078003000600060006000605
:108D400000060006000600060006000600060006F3
:108D50000006000600060006000600060038003C7B
:108D6000000C000C000C000C000C000E00070007AB
:108D7000000E000C000C000C000C000C003C003835
:108D8000000000000000000000000000000080382B
:108D9000807F00470000000000000000000000008D
:108DA00000000000000000000000000000000000C3
:108DB00000000000000000000000000000000000B3
:108DC00000000000000000000000000000000000A3
:108DD0000000000000000000E003E003E003E00307
:108DE000E003E003E003E003C003C003C001C001EF
:108DF000C001C001C001000000000000E003E0036A
:108E0000E003000000000000000000003C1E3C1ECB
:108E10003C1E3C1E3C1E3C1E3C1E00000000000090
:108E20000000000000000000000000000000000042
:108E30000000000000000000000000000000000032
:108E4000CE01CE03DE039E039C039C07FF3FFF7F02
:108E50003807380F780F780F780EFFFFFFFFF01EEE
:108E6000F01CE01CE03CE03DE039000000000000A8
:108E700000000000FC03FE0FEE1FE01EE01EE01EDF
:108E8000E01EE01FE00FE007F003FC01FE01FE0121
:108E9000FE01FE01FE01FE01FE3DFC3FF00FE00180
:108EA000E001000000000000033E07F78FE78EE7B7
:108EB0009EE3BCE3B8E7F8E7F0F7E03FC001FF034B
:108EC000FF07F307F30FF31EF33CF338F3787FF05B
:108ED0003FE000000000000000000000E007F80F85
:108EE000780F781F781F781F780FF00FE00F801F22
:108EF000C37FC3FBE7F3F7F1F7F0FFF07FF03EF835
:108F00007F7CFF3FEF1F000000000000000000001A
:108F1000E003E003E003E003E003C003C00100005E
:108F20000000000000000000000000000000000041
:108F30000000000000000000000000000000000031
:108F4000000000003F007C00F001E001C003C0070A
:108F500080078007800F000F000F000F000F000F29
:108F6000000F800F80078007C007C003E001F001F9
:108F70007C003F000F000000007E001FC007C00300
:108F8000E001F001F000F000F800780078007800CF
:108F9000780078007800F800F000F000F001E001BF
:108FA000C003C007001F007E00780000E003C0037C
:108FB000C001CE39FF3F7F3F20037003F807780FD1
:108FC0003C1F380600000000000000000000000008
:108FD0000000000000000000000000000000000091
:108FE000000000000000000000000000C001C001FF
:108FF000C001C001C001C001C001FFFFFFFFC001EF
:10900000C001C001C001C001C0010000000000009B
:109010000000000000000000000000000000000050
:109020000000000000000000000000000000000040
:10903000000000000000E003E003E003E003E001C3
:10904000E001E001C001800300000000000000001A
:109050000000000000000000000000000000FE3FD3
:10906000FE3F0000000000000000000000000000C3
:1090700000000000000000000000000000000000F0
:1090800000000000000000000000000000000000E0
:109090000000000000000000000000000000E003ED
:1090A000E003E003E0030000000000000000000017
:1090B0000F000F001E001E003C003C0078007800EE
:1090C000F000F000E001E001C003C003800780076A
:1090D000000F000F001E001E003C003C00780078CE
:1090E00000F00000F007F80F7C1F3E3E1E3C1F7C86
:1090F0001F7C0F780F780F780F780F780F780F7824
:109100001F7C1F7C1E3C3E3E7C1FF80FF0070000BA
:109110000000000000000000F000F007F03FF03F0A
:10912000F001F001F001F001F001F001F001F001B7
:10913000F001F001F001F001F001F001F001FF3F5A
:10914000FF3F00000000000000000000E00FF83FBB
:109150007C3C3C003E003E003E003C003C007C006D
:10916000F800F001E003C0078007000F001E003E7A
:10917000003CFE3FFE3F0000000000000000000039
:10918000F00FF81F7C1C3E003E003E003C003C00FF
:10919000F800F00FF80F7C003E001E001E001E00BD
:1091A0001E003E007C1CF81FE01F000000000000B5
:1091B000000000007800F800F800F801F803F80754
:1091C000F807780F781E781E783C78787878FFFF5B
:1091D000FFFF7800780078007800780078000000C1
:1091E0000000000000000000FC1FFC1FFC1F001E10
:1091F000001E001E001E001EE01FF81FFC007C0069
:109200003E003E001E003E003E003C007C1CF81F5D
:10921000E01F00000000000000000000FC01FE074D
:109220008E0F001F001E003E003C003CF83DFC3F3E
:109230003E7F1F7E0F3C0F3C0F3C0F3C0F3E1F1E1E
:109240003E1FFC0FF00300000000000000000000C3
:10925000FF3FFF3FFF3F0F001E001E003C00380095
:109260007800F000F000E001E001C003C0038007D7
:10927000800F800F000F001F001F00000000000083
:1092800000000000F807FC0F3E1F1E1E1E3E1E3E83
:109290001E1E3C1FF80FF007F80FFC1E3E3E1F3C41
:1092A0001F7C0F7C0F7C1F3C3E3FFC1FF007000023
:1092B0000000000000000000F007F80F7C1E3E3C9C
:1092C0001E3C1F7C1F7C1F7C1F7C1F3C3F3EFF1FE2
:1092D000EF071F001E001E003E003C00F838F03F64
:1092E000E01F00000000000000000000000000007F
:1092F0000000000000000000E003E003E003E003E2
:109300000000000000000000000000000000E0037A
:10931000E003E003E00300000000000000000000A4
:10932000000000000000000000000000E003E00377
:10933000E003E00300000000000000000000000067
:109340000000E003E003E003E003E001E001E001EE
:10935000C0038003000000000000000000000000C7
:1093600003000F003F00FC00F003C00F003F00FEB1
:10937000003FC00FF003FC003F000F00030000009F
:1093800000000000000000000000000000000000DD
:10939000000000000000000000000000FFFFFFFFD1
:1093A000000000000000FFFFFFFF000000000000C1
:1093B00000000000000000000000000000000000AD
:1093C000000000000000000000E000F8007E801FA8
:1093D000E007F8017E001F007E00F801E007801F13
:1093E000007E00F800E00000000000000000000027
:1093F000F01FFC3F3E381F381F381E001E003C0087
:109400007800F000E001C003C003C007C0070000FF
:1094100000000000C007C007C007000000000000F7
:1094200000000000F803FE0F1E1F0F3E7F3CFF7878
:10943000EF79C773C7F38FF38FF38FF39FF39FF326
:10944000FF73FF7BF779003C1C1FFC0FF803000043
:109450000000000000000000000000000000E00329
:10946000E003F007F007F007780F780F7C0E3C1E42
:109470003C1E3E3CFE3FFF3F1F780F780FF007F089
:1094800007F00000000000000000000000000000E5
:109490000000F83FFC3F3E3C1E3C1E3C1E3C3E3C58
:1094A0007C3CF03FF83F7E3C1F3C1F3C0F3C0F3C98
:1094B0001F3CFE3FF83F00000000000000000000DD
:1094C000000000000000FF01FF07871F003E003C76
:1094D000007C00780078007800780078007C007CC0
:1094E000003E003F831FFF07FF0100000000000057
:1094F00000000000000000000000F07FFC7F7E788C
:109500001F781F780F780F780F780F780F780F7803
:109510000F780F781F781E787E78F87FE07F000044
:109520000000000000000000000000000000FF3FFD
:10953000FF3F003E003E003E003E003E003EFE3F3C
:10954000FE3F003E003E003E003E003E003EFF3F2C
:10955000FF3F0000000000000000000000000000CD
:109560000000FF1FFF1F001E001E001E001E001E29
:10957000001EFF1FFF1F001E001E001E001E001EFB
:10958000001E001E001E0000000000000000000081
:10959000000000000000FE03FF0F871F003E007C5C
:1095A000007C007800F800F87FF87FF80F780F7CD7
:1095B0000F7C0F3E8F1FFF0FFE0300000000000016
:1095C000000000000000000000001F7C1F7C1F7CCA
:1095D0001F7C1F7C1F7C1F7C1F7CFF7FFF7F1F7CED
:1095E0001F7C1F7C1F7C1F7C1F7C1F7C1F7C00003E
:1095F0000000000000000000000000000000FF3F2D
:10960000FF3FE003E003E003E003E003E003E003E7
:10961000E003E003E003E003E003E003E003FF3FD7
:10962000FF3F0000000000000000000000000000FC
:109630000000FC1FFC1F7C007C007C007C007C0088
:109640007C007C007C007C007C007C007800780042
:10965000F838F03FC03F00000000000000000000AC
:109660000000000000001F3C1E3C3C3C783CF03CED
:10967000E03DE03FC03F803FC03FE03FF03DF03C79
:10968000783C7C3C3E3C1F3C0F3C0000000000004E
:1096900000000000000000000000003E003E003E10
:1096A000003E003E003E003E003E003E003E003ECA
:1096B000003E003E003E003E003EFF3FFF3F0000F8
:1096C00000000000000000000000000000001FF883
:1096D0001FFC1FFC3FFE3FFE3FFE7FFF77FF77FF33
:1096E000F7F7E7F7E7F3E7F3C7F307F007F007F05B
:1096F00007F0000000000000000000000000000073
:1097000000000F7C0F7C0F7E0F7F0F7F8F7F8F7F7E
:10971000CF7FEF7BEF79FF79FF78FF787F783F7815
:109720003F781F781F780000000000000000000054
:10973000000000000000F007FC1F3E3E1F7C0F7879
:109740000F780FF80FF80FF80FF80FF80FF80F78E1
:109750000F781F7C3E3EFC1FF00700000000000059
:1097600000000000000000000000FC3FFF3F1F3E23
:109770000F3E0F3E0F3E0F3E1F3E3F3EFC3FF03F71
:10978000003E003E003E003E003E003E003E000027
:109790000000000000000000000000000000F007D2
:1097A000FC1F3E3E1F7C0F780F780FF80FF80FF864
:1097B0000FF80FF80FF80F780F781F7C3E3EFC1F54
:1097C000F8077C003F000F000300000000000000CD
:1097D0000000F03FFC3F7E3C3E3C1E3C1E3C3E3CBD
:1097E0003C3CFC3CF03FE03FF03DF83C7C3C3E3CE8
:1097F0001E3C1F3C0F3C0000000000000000000069
:10980000000000000000FC07FE1F0E3E003C003C74
:10981000003C003EC01FF80FFE037F001F000F003A
:109820000F001F203E3CFC3FF01F00000000000026
:1098300000000000000000000000FFFFFFFFE00349
:10984000E003E003E003E003E003E003E003E00300
:10985000E003E003E003E003E003E003E0030000D3
:1098600000000000000000000000000000000F7C6D
:109870000F7C0F7C0F7C0F7C0F7C0F7C0F7C0F7C90
:109880000F7C0F7C0F7C0F7C1E3C1E3C3E3EFC1F61
:10989000F0070000000000000000000000000000D1
:1098A000000007F007F007F80F780F7C1E3C1E3C05
:1098B0001E3E3C1E3C1F781F780FF80FF007F00784
:1098C000F007E003E00300000000000000000000DB
:1098D00000000000000003E003F003F007F0E7F3EE
:1098E000E7F3E7F3E773F77BF77FFF7F7F7F7F7F08
:1098F0007E7F7E3F3E3E3E3E3E3E0000000000003A
:109900000000000000000000000007F80F7C1E3E71
:109910003E3E3C1FF80FF007E007E003E003F007CE
:10992000F80F7C0F7C1E3E3C1F780F780FF0000074
:10993000000000000000000000000000000007F828
:1099400007780F7C1E3C1E3E3C1F780FF80FF00777
:10995000E003E003E003E003E003E003E003E003EF
:10996000E003000000000000000000000000000014
:109970000000FF7FFF7F0F001F003E007C00F8000B
:10998000F000E001E003C007800F000F001E003E62
:10999000007CFF7FFF7F000000000000000000004F
:1099A000FF07800780078007800780078007800700
:1099B000800780078007800780078007800780076F
:1099C0008007800780078007800780078007FF07E0
:1099D000FF07000000780078003C003C001E001EDD
:1099E000000F000F80078007C003C003E001E00103
:1099F000F000F000780078003C003C001E001E00E3
:109A00000F000F0007000000F07FF000F000F000F2
:109A1000F000F000F000F000F000F000F000F000C6
:109A2000F000F000F000F000F000F000F000F000B6
:109A3000F000F000F000F07FF07F0000C000C001F7
:109A4000C001E003E003F007F0077807780F380F54
:109A50003C1E3C1E1E3C1E3C0F380F780778000051
:109A600000000000000000000000000000000000F6
:109A700000000000000000000000000000000000E6
:109A800000000000000000000000000000000000D6
:109A900000000000000000000000FFFFFFFF0000CA
:109AA00000000000F00000000000000000000000C6
:109AB00000000000000000000000000000000000A6
:109AC0000000000000000000000000000000000096
:109AD0000000000000000000000000000000000086
:109AE00000000000F80FFC3F7C3C3E003E003E00C2
:109AF000FE07FE1F3E3E3E7C3E783E7C7E7CFF3F66
:109B0000CF1F00000000000000000000003C003CEF
:109B1000003C003C003C003CF83DFE3F3E3F1F3E09
:109B20000F3C0F3C0F3C0F3C0F3C0F3C1F3C1E3CBE
:109B30003E3FFC3FF03B0000000000000000000042
:109B4000000000000000000000000000FE03FF0F06
:109B5000871F003E003E003C007C007C007C003CF7
:109B6000003E003E871FFF0FFE03000000000000C4
:109B7000000000001F001F001F001F001F001F002B
:109B8000FF07FF1F3F3E1F3C1F7C1F7C1F7C1F7871
:109B90001F781F7C1F7C3F3C7F3EFF1FDF0F0000B4
:109BA00000000000000000000000000000000000B5
:109BB00000000000F803FC0F3E1F1E3E1F3C1F7CF0
:109BC000FF7FFF7F007C007C003C003E071FFF0FF3
:109BD000FE0300000000000000000000FF01E103A0
:109BE000C003C007C007C007FF7FFF7FC007C007D3
:109BF000C007C007C007C007C007C007C007C0072D
:109C0000C007C007C00700000000000000000000FF
:109C1000000000000000000000000000EF07FF1F30
:109C20007F3E1F3C1F7C1F7C1F781F781F781F7C86
:109C30001F7C3F3C7F3EFF1FDF0F1E001E001E00EB
:109C40007C38F83F003C003C003C003C003C003CC1
:109C5000FC3DFE3F9E3F1F3F1F3E1F3C1F3C1F3CE5
:109C60001F3C1F3C1F3C1F3C1F3C1F3C1F3C000077
:109C70000000000000000000F001F0010000000002
:109C800000000000E07FE07FE001E001E001E00192
:109C9000E001E001E001E001E001E001E001E001BC
:109CA000E00100000000000000000000F800F800E3
:109CB0000000000000000000F83FF83FF800F80046
:109CC000F800F800F800F800F800F800F800F800D4
:109CD000F800F800F800F800F800F000F071E07FFC
:109CE000003C003C003C003C003C003C1F3C3E3C37
:109CF0007C3CF83CF03DE03DC03FC03FE03FF03DE4
:109D0000F83C7C3C3E3C1F3C1F3C00000000000037
:109D100000000000F07FF001F001F001F001F0011F
:109D2000F001F001F001F001F001F001F001F001AB
:109D3000F001F001F001F001F001F001F00100008C
:109D40000000000000000000000000000000000013
:109D5000000000009EF7FFFFFFFFFFFFE7FBE7F9B2
:109D6000C7F1C7F1C7F1C7F1C7F1C7F1C7F1C7F133
:109D7000C7F100000000000000000000000000002B
:109D80000000000000000000FC3DFE3F9E3F1F3F22
:109D90001F3E1F3C1F3C1F3C1F3C1F3C1F3C1F3CE9
:109DA0001F3C1F3C1F3C00000000000000000000A2
:109DB000000000000000000000000000F007FC1F91
:109DC0003E3E1F3C1F7C0F780F780F780F780F787E
:109DD0001F7C1F3C3E3EFC1FF007000000000000FF
:109DE0000000000000000000000000000000000073
:109DF000F83DFE3F3E3F1F3E0F3C0F3C0F3C0F3CEB
:109E00000F3C0F3C1F3C1E3E3E3FFC3FF83F003CDA
:109E1000003C003C003C003C000000000000000052
:109E200000000000EE07FE1F7E3E1E3C1E7C1E78DA
:109E30001E781E781E781E781E7C3E7C7E3EFE1F9D
:109E4000DE0F1E001E001E001E001E00000000008F
:109E500000000000000000007F1FFF1FE71FC71F5A
:109E6000871F001F001F001F001F001F001F001F73
:109E7000001F001F001F0000000000000000000085
:109E8000000000000000000000000000FC07FE1FB2
:109E90000E1E003E003E003FE01FFC07FE003E009D
:109EA0001E001E003E3CFC3FF01F000000000000B2
:109EB000000000000000000000008007800780070D
:109EC000FF7FFF7F8007800780078007800780076C
:109ED0008007800780078007C007FF03FF0100009D
:109EE0000000000000000000000000000000000072
:109EF000000000001E3C1E3C1E3C1E3C1E3C1E3C46
:109F00001E3C1E3C1E3C1E3C3E3C7E3CFE3EFE1F5C
:109F1000DE0F000000000000000000000000000054
:109F2000000000000000000007F00F780F781E3CD2
:109F30001E3C1E3E3C1E3C1E780F780FF00FF007B3
:109F4000F007E003E0030000000000000000000054
:109F500000000000000000000000000003F0E3F13A
:109F6000E3F3E7F3F7F3F7F3F77F777F7F7F7F7F05
:109F70007F7F3E3E3E3E3E3E3E3E000000000000F3
:109F800000000000000000000000000000000000D1
:109F90000F7C1E3E3C3E3C1FF80FF007F007E0032D
:109FA000F007F807F80F7C1E3E3E1F3C1F780000AC
:109FB00000000000000000000000000000000000A1
:109FC0000000000007F80F780F7C1E3C1E3C3C1E72
:109FD0003C1E3C1F780FF80FF007F007E003E0038A
:109FE000C003C003C0038007800F007F0000000093
:109FF0000000000000000000FF3FFF3F1F003E0088
:10A000007C00F800F001E003C007800F001F001E75
:10A01000003CFF7FFF7F0000000000000000000008
:10A02000FE01E003C003C003C003C003E001E00180
:10A03000E001C001C003803F803FC003C001E001D8
:10A04000E001E001C003C003C003C003E003FE0160
:10A050007E000000C001C001C001C001C001C001FC
:10A06000C001C001C001C001C001C001C001C001E8
:10A07000C001C001C001C001C001C001C001C001D8
:10A08000C001C001C0010000C03FE003E001E001E9
:10A09000E001E001C001C003C003C001E001FE0017
:10A0A000FE00E001C001C003C003C001E001E00107
:10A0B000E001E001E003C03F003F000000000000BD
:10A0C0000000000000000000000000000000000090
:10A0D0000000073FC77FE773FFF17EF0000000003C
:10A0E0000000000000000000000000000000000070
:10A0F000010202030405060708090A0B0C0D0E0FE6
:10A100001010010202030405060708090A0B0C0DD2
:10A110000E0F1010000000000000000001020304F8
:10A120000607080900000000010203040000000007
:10A1300004FA97999999D93FAF788E1DC571CC3F94
:10A140009FC678D0099AC33F935555555555E53F5D
:10A15000599322942449D23FDE03CB966446C73FED
:10A1600044523EDF12F1C23F000000000000000038
:10A1700002400000000000A00000000005400000B8
:10A18000000000C8000000000C4000000000409CDF
:10A1900000000000194000000020BCBE00000000CC
:10A1A00034400000BFC91B8E00000004B540000011
:10A1B000504BCFD06607E2CF010000006C41000099
:10A1C0003E8251AADFEEA73401000000D942000010
:10A1D000DCB5A0E23A301F97FFFFFFFFB445000057
:10A1E000FD25A0C8E9A3C14FFFFFFFFFFF3F00000F
:10A1F0000000008000000000FF3F00000000008021
:10A20000000000000D0A3D3D3D3D3D3D3D3D3D3DD5
:10A21000204261747465727920436F6E66696720AD
:10A220003D3D3D3D3D3D3D3D3D3D0D0A4E616D6534
:10A230002020202020203A2025730D0A43617061E0
:10A240006369747920203A20252E32662041680DFA
:10A250000A4E6F6D696E616C2020203A20252E32E7
:10A260006620560D0A4D617820566F6C7420203A96
:10A2700020252E326620560D0A4D696E20566F6CD1
:10A280007420203A20252E326620560D0A3D3D3D91
:10A290003D3D3D3D3D3D3D3D3D3D3D3D3D3D3D3DEE
:10A2A0003D3D3D3D3D3D3D3D3D3D3D3D3D3D3D3DDE
:10A2B0000D0A00000D0A3D3D3D3D3D3D3D3D3D3D0E
:10A2C0002042617474657279203D3D3D3D3D3D3DC8
:10A2D0003D3D3D0D0A566F6C74616765203A20253F
:10A2E0002E336620560D0A43757272656E74203ADD
:10A2F00020252E336620410D0A506F77657220208D
:10A30000203A20252E336620570D0A456E65726768
:10A310007920203A20252E36662057680D0A53747E
:10A320006174757320203A2025730D0A534F432022
:10A33000202020203A2025642025250D0A534F484F
:10A3400020202020203A2025642025250D0A546550
:10A350006D70202020203A20252E316620430D0AE2
:10A360003D3D3D3D3D3D3D3D3D3D3D3D3D3D3D3D1D
:10A370003D3D3D3D3D3D3D3D3D3D3D3D3D0D0A4A63
:10A38000534F4E3A207B2256223A252E33662C22FA
:10A3900049223A252E33662C2250223A252E336646
:10A3A0002C2245223A252E36662C2254223A252E7E
:10A3B00031662C22534F43223A25642C22534F48B6
:10A3C000223A25647D0D0A004A534F4E3A207B22E3
:10A3D00056223A252E33662C2249223A252E336600
:10A3E0002C2250223A252E33662C2245223A252E45
:10A3F00036662C2254223A252E31662C22534F43A6
:10A40000223A25642C22534F48223A25647D0D0AB6
:10A410000000000070A50008000000203C000000C3
:10A4200028010008ACA500083C00002064080000DA
:10A4300044010008000000000000F07FFFFFFFFF64
:10A44000FFFFEF7F1C00000043000000F8FFFFFF4C
:10A450000C0000000E0000000F0000002E000000A5
:10A460001001000043000000F8FFFFFF00404040E3
:10A4700040404040404041414141414040404040D7
:10A480004040404040404040404040404005020283
:10A490000202020202020202020202020220202042
:10A4A000202020202020200202020202020290909E
:10A4B000909090901010101010101010101010109C
:10A4C00010101010101010100202020202028888F0
:10A4D00088888888080808080808080808080808FC
:10A4E00008080808080808080202020240000000E4
:10A4F000000000000000000000000000000000005C
:10A50000000000000000000000000000000000004B
:10A51000000000000000000000000000000000003B
:10A52000000000000000000000000000000000002B
:10A53000000000000000000000000000000000001B
:10A54000000000000000000000000000000000000B
:10A5500000000000000000000000000000000000FB
:10A5600000000000000000000000000000000000EB
:10A570000000000000000000000000000B120000BE
:10A5800048800008101A0000A48D00080000000098
:10A5900000000000000000000000000001000000BA
:0CA5A000100000000000000000127A0013
:04000005080000ED02
:00000001FF
